-- MySQL dump 10.13  Distrib 5.5.35, for debian-linux-gnu (x86_64)
--
-- Host: localhost    Database: abreadmindb
-- ------------------------------------------------------
-- Server version	5.5.35-0ubuntu0.12.10.2

/*!40101 SET @OLD_CHARACTER_SET_CLIENT=@@CHARACTER_SET_CLIENT */;
/*!40101 SET @OLD_CHARACTER_SET_RESULTS=@@CHARACTER_SET_RESULTS */;
/*!40101 SET @OLD_COLLATION_CONNECTION=@@COLLATION_CONNECTION */;
/*!40101 SET NAMES utf8 */;
/*!40103 SET @OLD_TIME_ZONE=@@TIME_ZONE */;
/*!40103 SET TIME_ZONE='+00:00' */;
/*!40014 SET @OLD_UNIQUE_CHECKS=@@UNIQUE_CHECKS, UNIQUE_CHECKS=0 */;
/*!40014 SET @OLD_FOREIGN_KEY_CHECKS=@@FOREIGN_KEY_CHECKS, FOREIGN_KEY_CHECKS=0 */;
/*!40101 SET @OLD_SQL_MODE=@@SQL_MODE, SQL_MODE='NO_AUTO_VALUE_ON_ZERO' */;
/*!40111 SET @OLD_SQL_NOTES=@@SQL_NOTES, SQL_NOTES=0 */;

--
-- Table structure for table `Barrio`
--

DROP TABLE IF EXISTS `Barrio`;
/*!40101 SET @saved_cs_client     = @@character_set_client */;
/*!40101 SET character_set_client = utf8 */;
CREATE TABLE `Barrio` (
  `id` int(11) NOT NULL,
  `nombre` varchar(255) COLLATE utf8_unicode_ci NOT NULL,
  `numero` int(11) NOT NULL,
  `localidad_id` int(11) DEFAULT NULL,
  PRIMARY KEY (`id`),
  KEY `IDX_A8712C3767707C89` (`localidad_id`),
  CONSTRAINT `FK_A8712C3767707C89` FOREIGN KEY (`localidad_id`) REFERENCES `Localidad` (`id`)
) ENGINE=InnoDB DEFAULT CHARSET=utf8 COLLATE=utf8_unicode_ci;
/*!40101 SET character_set_client = @saved_cs_client */;

--
-- Dumping data for table `Barrio`
--

LOCK TABLES `Barrio` WRITE;
/*!40000 ALTER TABLE `Barrio` DISABLE KEYS */;
INSERT INTO `Barrio` VALUES (1,'Yapeyú',1,150),(2,'Aceria',2,150),(3,'Villa Hipódromo',3,150),(4,'Barranquitas',4,150),(5,'Santa Rosa de Lima',5,150),(6,'San Lorenzo',6,150),(7,'Centenario - Varadero Sarsotti',7,150),(8,'Alto Verde',8,150),(9,'Coronel Dorrego',9,150),(10,'Polledo',1,212),(11,'La Céramica',2,212),(12,'Nuevo Alberdi',3,212),(13,'Industrial',4,212),(14,'Stella Maris, La Bombacha y Emaus',5,212),(15,'Empalme',6,212),(16,'Ludueña',7,212),(17,'Santa Lucía,  La Palmera y El Eucaliptál',8,212),(18,'Villa Banana - Villa Pororó',9,212),(19,'Hipotecario,Bolatti, Fonavi y La Lagunita',10,212),(20,'Roullión',11,212),(21,'Alvear - Acindar',12,212),(22,'Barrio Itatí',13,212),(23,'Flammarión',14,212),(24,'Plata - Hume - La Cariñosa',15,212),(25,'Tío Rolo',16,212),(26,'Las Flores',17,212),(27,'La Tablada - Cordón Ayacucho',18,212),(28,'Mangrullo',19,212),(29,'Molino Blanco',20,212),(30,'CIC Itati',2,213),(31,'FONAVI',3,213),(32,'Los Eucaliptus',1,213),(33,'La Ribera',4,213),(34,'SANTO TOMAS DE AQUINO',1,151),(35,'Villa LIBERTAD',2,151),(36,'EL CHAPARRAL',3,151),(37,'LOS HORNOS',4,151),(38,'LAS VEGAS',5,151),(39,'12 DE SEPTIEMBRE',6,151),(40,'LAS ADELINAS',6,151);
/*!40000 ALTER TABLE `Barrio` ENABLE KEYS */;
UNLOCK TABLES;

--
-- Table structure for table `DatoGeografico`
--

DROP TABLE IF EXISTS `DatoGeografico`;
/*!40101 SET @saved_cs_client     = @@character_set_client */;
/*!40101 SET character_set_client = utf8 */;
CREATE TABLE `DatoGeografico` (
  `geo_id` int(11) NOT NULL,
  `descripcion` varchar(255) COLLATE utf8_unicode_ci NOT NULL,
  `geo_char` varchar(255) COLLATE utf8_unicode_ci NOT NULL,
  PRIMARY KEY (`geo_id`)
) ENGINE=InnoDB DEFAULT CHARSET=utf8 COLLATE=utf8_unicode_ci;
/*!40101 SET character_set_client = @saved_cs_client */;

--
-- Dumping data for table `DatoGeografico`
--

LOCK TABLES `DatoGeografico` WRITE;
/*!40000 ALTER TABLE `DatoGeografico` DISABLE KEYS */;
INSERT INTO `DatoGeografico` VALUES (98,'','98_boulevard_french'),(100,'','100_iluminacion_circunvalacion_oeste'),(104,'','104_cemafe'),(109,'','109_molino_franchino'),(110,'','110_casa_cultura'),(111,'','111_instituto_12'),(114,'','114_alero_coronel_dorrego'),(115,'','115_alero_santo_rosa_lima'),(125,'','125_san_jeronimo'),(126,'','126_el_pozo'),(129,'','129_barranquitasur_villaoculta_villadelparque'),(132,'','132_coronel_dorrego'),(134,'','134_san_lorenzo'),(136,'','136_republica_hornos'),(138,'','138_santarosadelima_12deoctubre'),(142,'','142_varadero_sarsotti'),(146,'','146_marcos_bobbio'),(151,'','151_villa_hipodromo'),(158,'','158_mejoras_captacion_produccion_distribucion');
/*!40000 ALTER TABLE `DatoGeografico` ENABLE KEYS */;
UNLOCK TABLES;

--
-- Table structure for table `DetalleProyecto`
--

DROP TABLE IF EXISTS `DetalleProyecto`;
/*!40101 SET @saved_cs_client     = @@character_set_client */;
/*!40101 SET character_set_client = utf8 */;
CREATE TABLE `DetalleProyecto` (
  `id` int(11) NOT NULL,
  `nombre` varchar(255) COLLATE utf8_unicode_ci NOT NULL,
  `orden` int(11) DEFAULT NULL,
  `fecha` datetime DEFAULT NULL,
  `monto` decimal(10,0) DEFAULT NULL,
  `plazo_desde` datetime DEFAULT NULL,
  `plazo_hasta` datetime DEFAULT NULL,
  `estadoproyecto_id` int(11) DEFAULT NULL,
  `proyecto_id` int(11) DEFAULT NULL,
  PRIMARY KEY (`id`),
  KEY `IDX_22F751A42CD6BFA3` (`estadoproyecto_id`),
  KEY `IDX_22F751A4F625D1BA` (`proyecto_id`),
  CONSTRAINT `FK_22F751A42CD6BFA3` FOREIGN KEY (`estadoproyecto_id`) REFERENCES `EstadoProyecto` (`id`),
  CONSTRAINT `FK_22F751A4F625D1BA` FOREIGN KEY (`proyecto_id`) REFERENCES `Proyecto` (`id`)
) ENGINE=InnoDB DEFAULT CHARSET=utf8 COLLATE=utf8_unicode_ci;
/*!40101 SET character_set_client = @saved_cs_client */;

--
-- Dumping data for table `DetalleProyecto`
--

LOCK TABLES `DetalleProyecto` WRITE;
/*!40000 ALTER TABLE `DetalleProyecto` DISABLE KEYS */;
INSERT INTO `DetalleProyecto` VALUES (357,'Adquisición de 50 conjuntos unipersonales',NULL,'2014-12-01 10:47:10',21950,'2014-01-01 00:00:00','2015-12-31 00:00:00',8,233),(358,'Proyectado 2014: Adquisición de 3 armaros',NULL,'2014-12-01 11:19:38',0,'2014-01-01 00:00:00','2015-12-31 00:00:00',9,233),(359,'Construcción de un aula y adquisición de 50 bancos y 20 mesas',NULL,'2014-12-01 10:57:49',355758,'2014-01-01 00:00:00','2015-12-31 00:00:00',10,234),(360,'Proyectado 2014: Equipamiento para comedor',NULL,'2014-12-01 10:55:25',0,'2014-01-01 00:00:00','2015-12-31 00:00:00',11,234),(369,'Fecha probable de habilitación 2014',NULL,'2014-08-26 15:27:16',0,'2013-01-01 00:00:00','2015-12-31 00:00:00',48,240),(371,'Dic 2014: 14 consorcios conformados',NULL,'2014-12-10 10:34:12',0,'2013-01-01 00:00:00','2015-12-31 00:00:00',68,242),(391,'Aceria',NULL,'2014-09-24 10:57:22',0,'2014-06-09 00:00:00','2014-06-09 00:00:00',209,253),(431,'Yapeyu',NULL,'2014-09-24 10:57:36',0,'2014-06-13 00:00:00','2014-06-13 00:00:00',210,253),(435,'Etapa 1 (estructura de hormigón armado). Adjudicada en abril/09 a UTE Ponce Construcciones-CPC, por $26.778.182,55',NULL,'2014-10-27 12:46:44',26778183,'2014-01-01 00:00:00','2015-12-31 00:00:00',22,238),(436,'Etapa 2 (urbanización exterior). Adjudicada en marzo/13 a Pecam SA, por un monto de $25.002.896,68. Avance a diciembre/14: 94%',NULL,'2014-12-11 12:15:42',32842878,'2014-01-01 00:00:00','2015-12-31 00:00:00',23,238),(437,'Etapa 3 (cerramientos). Adjudicada en febrero/14 a Dinale SA - Pecam SA, por $45.472.995.',NULL,'2014-10-27 12:43:55',54932697,'2014-01-01 00:00:00','2015-12-31 00:00:00',24,238),(438,'Etapa 1 (estructura). Adjudicada en septiembre/10 a Dycasa S. A. por $42.375.274,19.',NULL,'2014-10-27 12:56:52',122523858,'2014-01-01 00:00:00','2015-12-31 00:00:00',25,269),(439,'Etapa 2: urbanización y cerramientos exteriores.\r\nAdjudicada por Decreto N° 876/14 a Dinale S.A - Pecam S.A, por $61.467.154,58.\r\nPlazo de obra: 15 meses',NULL,'2014-10-27 12:31:56',73102307,'2014-01-01 00:00:00','2015-12-31 00:00:00',26,269),(440,'Etapa 1: Inaugurada en diciembre de 2010. Inversión: $12.490.247',NULL,'2014-10-27 10:43:52',0,'2010-12-01 00:00:00','2010-12-31 00:00:00',31,270),(441,'Etapa 2. recuperación arquitectónica del edificio industrial ubicado en el ala oeste del complejo, y la construcción de una plaza pública en el espacio exterior que se extiende desde la fachada del mismo hasta la calle Pedro Víttori',NULL,'2014-11-27 09:43:45',0,'2014-01-01 00:00:00','2015-12-31 00:00:00',32,270),(442,'Etapa 1: fachada sur. Finalizada. Monto de la inversión: $292.560,47',NULL,'2014-10-27 10:46:57',0,'2014-01-01 00:00:00','2015-12-31 00:00:00',34,271),(443,'Etapa 2: fachada oeste. Junio 2014: avance 35%',NULL,'2014-10-27 10:47:43',337760,'2014-01-01 00:00:00','2015-12-31 00:00:00',35,271),(444,'Licitada.\r\nPrimera etapa 06/06 adjudicada a EFE Construcciones. Tareas preliminares, demoliciones y construcción de estructura de hormigón de la parte nueva.\r\nPlazo 1º etapa: 14 meses.',NULL,'2014-10-27 10:41:18',6603600,'2014-06-01 00:00:00','2015-07-31 00:00:00',12,272),(451,'Fecha probable de habilitación 2014. Duración 2 meses.',NULL,'2014-08-28 15:21:02',0,'2014-01-01 00:00:00','2015-12-31 00:00:00',50,275),(452,'Fecha Probable de habilitación: 2015.\r\nPlazo de obra: 15 meses',NULL,'2014-08-28 15:28:50',0,'2014-01-01 00:00:00','2015-12-31 00:00:00',52,276),(458,'Etapa 1: intercambiadores intersecciones con RN 11 y RP 70. Adjudicada a Néstor Julio Guerechet SA. Firma de contrato 17/03/14',NULL,'2014-10-27 12:34:11',11252191,'2014-03-17 00:00:00','2015-12-31 00:00:00',1,282),(462,'Arreglo iluminación, refacción de techado y baños. Adquisición de mobiliario para comedor',NULL,'2014-12-01 10:51:38',240014,'2014-01-01 00:00:00','2015-12-31 00:00:00',14,286),(463,'Proyectado 2014: reubicación de tablero electrico y nueva dist. instalación electrica',NULL,'2014-12-01 11:12:35',0,'2014-01-01 00:00:00','2015-12-31 00:00:00',15,286),(464,'Etapa 1: albañilería e instalaciones.',NULL,'2014-10-06 09:46:28',2400000,'2014-01-01 00:00:00','2015-12-31 00:00:00',27,287),(465,'Etapa 2: Terminación (revoques, revestimientos, int.interiores, pintura, etc.) \r\nApertura de oferta económica: 31/6/14\r\nAdjudicacion: 03/10/14 (Dec. 3314/14 - Coop. Serviluz Ltda.)\r\nPlazo: 120 días',NULL,'2014-11-28 11:44:44',2900000,'2014-01-01 00:00:00','2015-12-31 00:00:00',28,287),(466,'Entrega 10 viviendas INFORMACION DE PRENSA',NULL,'2014-10-10 11:28:53',0,'2014-04-01 00:00:00','2015-04-01 00:00:00',75,288),(467,'Reparación de 48 núcleos de escaleras y tanques en los 20 monoblocks del barrio (sustitución de colectoras, reposición de caños, refacción de filtraciones y roturas y restitución de revoques). Construcción de la plazoleta Peñaloza, limpieza general del co',NULL,'2014-10-22 11:25:57',10000000,'2014-07-01 00:00:00','2015-12-31 00:00:00',79,289),(469,'Alcance 1800 suministros en 2015\r\nInicio: 8/13\r\nPlazo: 20 meses\r\nFecha límite: marzo15\r\nAvance: 70%\r\nLP2901 del 29/5/14 para compra de limitadores 12A con acometidas (45 p este barrio).MO para instalación de acometidas dentro de ejecución de obra.',NULL,'2014-08-28 16:00:11',0,'2014-01-01 00:00:00','2015-03-30 00:00:00',139,291),(473,'En abril 2014 comienza el armado de equipos. Primera convocatoria de proyectos. Preselección de jóvenes \r\nDuración de los proyectos 18 meses (3 introducción - 3 capacitación - 3 producción)',NULL,'2014-08-28 16:13:50',0,'2014-01-01 00:00:00','2015-07-31 00:00:00',195,295),(474,'Proyectos 3 comenzarán en mayo; 1 en octubre; 2 en marzo 2015',NULL,'2014-08-28 16:14:28',0,'2014-01-01 00:00:00','2015-12-31 00:00:00',196,295),(486,'Licitación 8/14\r\nFecha probable de habilitación: 2015\r\nPlazo: 2 meses.\r\n',NULL,'2014-08-28 16:58:01',0,'2014-01-01 00:00:00','2015-12-31 00:00:00',54,307),(488,'Ejecución calle de cierre de trama: alteo y nivelación de nuevas manzanas y calles, relleno del sector bajo existente entre el antiguo terraplen de defensa y el reservorio, desague pluvial. Aporte Provincial Dec. 2350 del 01/08/14.',NULL,'2014-10-22 09:46:06',5520000,'2014-01-01 00:00:00','2015-12-31 00:00:00',96,309),(489,'Estación elevadora, 16.790 metros de cañerías colectoras y de impulsión, 161 bocas de registro y 12 cámaras de acceso a la cañería de impulsión - 1.590 conexiones.',NULL,'2014-10-16 12:50:42',39981622,'2014-04-01 00:00:00','2015-07-31 00:00:00',134,310),(492,'Alcance 1200 suministros\r\nLP 2876 del 08/04/14 (incluye acometidas): se declaró desierta.\r\nRelicitación: apertura de sobres 30/07/14.\r\nAdjudicación prevista para Octubre 2014. Inicio de obra: Diciembre 2014. Plazo: 16 meses. Fecha limite fin de obra: Mayo',NULL,'2014-08-28 17:13:05',0,'2014-01-01 00:00:00','2015-12-31 00:00:00',141,312),(494,'Calles Pje. Cullen y Lamadrid (103 conexiones) ',NULL,'2014-10-16 12:21:45',1228033,'2014-06-01 00:00:00','2015-07-31 00:00:00',152,314),(522,'Firma del nuevo contrato: 11/03/14\r\nPlazo de Obra: 15 meses',NULL,'2014-10-27 12:20:50',201535235,'2014-03-11 00:00:00','2015-06-11 00:00:00',3,334),(525,'Se inició la instalación de los compartimentos modulares (noticia del 20/10/14)\r\n',NULL,'2014-10-21 09:13:31',0,'2014-10-01 00:00:00','2015-12-31 00:00:00',38,337),(526,'Fecha probable de habilitación: 2014\r\nPlazo: 6 meses\r\nCosto estimado sin IVA: $ 16.756.000',NULL,'2014-11-10 11:01:58',16756000,'2014-01-01 00:00:00','2014-12-31 00:00:00',56,338),(529,'Alcance:3800 suministros en 2016\r\nInicio Obra 08/13\r\nEtapa 1 100% (fin oct 2014), Etapa 2 60% (fin marzo 2015), Etapa 3 10% (agosto 2016)\r\nAvance de obra:65%',NULL,'2014-10-15 12:07:22',0,'2014-01-01 00:00:00','2015-12-31 00:00:00',143,341),(530,'LP 2901, del 29/05/14, para compra de limitadores 12A con acometidas (3500 para este barrio). MO para instalación acometidas dentro de la ejecución de la obra de la red electrica',NULL,'2014-08-29 16:16:13',0,'2014-01-01 00:00:00','2015-12-31 00:00:00',144,341),(531,'8.900 m de cañerías distribuidora y regularización de 700 conexiones.\r\n',NULL,'2014-10-16 11:43:55',4606975,'2014-07-01 00:00:00','2015-06-30 00:00:00',154,342),(579,'Avance a diciembre/14: 80% ',NULL,'2014-12-11 12:08:37',0,'2014-01-01 00:00:00','2015-12-31 00:00:00',7,354),(580,'Adquisición de 40 conjuntos unipersonales',NULL,'2014-09-01 15:18:25',0,'2014-01-01 00:00:00','2015-12-31 00:00:00',16,355),(581,'Reparación de instalación eléctrica\r\nProyectado para 2014',NULL,'2014-09-01 15:19:04',0,'2014-01-01 00:00:00','2015-12-31 00:00:00',17,355),(582,'Adquisición de mobiliario y conjuntos unipersonales.\r\nReparación cubierta salón',NULL,'2014-09-01 15:20:02',0,'2014-01-01 00:00:00','2015-12-31 00:00:00',18,356),(583,'Adquisición de equipamientos varios y heladera.\r\nProyectado para 2014',NULL,'2014-09-01 15:20:41',0,'2014-01-01 00:00:00','2015-12-31 00:00:00',19,356),(585,'Avance a abril 2014: 55% ',NULL,'2014-09-25 10:56:33',4610000,'2014-01-01 00:00:00','2015-12-31 00:00:00',40,358),(586,'Fecha probable de habilitación: 2014',NULL,'2014-09-01 15:24:18',0,'2014-01-01 00:00:00','2015-12-31 00:00:00',58,359),(587,'Urbanización 38 lotes',NULL,'2014-09-01 15:25:42',0,'2014-01-01 00:00:00','2015-12-31 00:00:00',62,360),(588,'Construcción 11 viviendas',NULL,'2014-10-10 11:05:17',0,'2014-01-01 00:00:00','2014-07-31 00:00:00',63,360),(589,'Construcción 26 viviendas 2º y 3º etapa apertura de calles.',NULL,'2014-10-10 11:03:28',0,'2014-09-01 00:00:00','2015-12-31 00:00:00',64,360),(590,'Urbanización 1ra etapa: 148 lotes provinciales.',NULL,'2014-10-22 08:58:00',0,'2014-01-01 00:00:00','2015-12-31 00:00:00',65,361),(591,'Adquisición terrenos y urbanización 2° etapa: 500 lotes.',NULL,'2014-10-22 08:49:25',0,'2014-01-01 00:00:00','2015-12-31 00:00:00',66,361),(593,'Alcance: 300 suministros para 2015\r\nEn ejecución: provisión de 270 kits para acometida con limitador.\r\nPendiente realizar 300m red BT\r\n15 meses. Fecha límite marzo 2015\r\nAvance de obra: 90%',NULL,'2014-09-01 15:37:22',0,'2014-01-01 00:00:00','2015-12-31 00:00:00',146,363),(594,'* Limitadores 12A: LP 2901 para compra de limitadores (420 para este barrio), apertura sobres 29/05/14.\r\n* Mano de obra y materiales para instalación acometidas: apertura sobres 09/10/14. Inicio de obra previsto para setiembre 2014. Plazo: 2 meses.',NULL,'2014-10-06 10:16:29',1077957,'2014-01-01 00:00:00','2015-12-31 00:00:00',147,363),(613,'Adecuacion y reparacion casa habitacion',NULL,'2014-12-01 11:05:58',118253,'2014-01-01 00:00:00','2015-12-31 00:00:00',20,380),(615,'Apertura de sobres: 12/05/14.\r\nInversión provincial sobre terreno cedido por la Municipalidad, en la manzana comprendida entre las calles Tacuaritas, Gallareta y Jilguero.',NULL,'2014-09-01 16:28:17',0,'2014-01-01 00:00:00','2015-12-31 00:00:00',29,382),(616,'1ra. etapa - Urbanizacion exterior',NULL,'2014-09-25 12:13:55',2660000,'2014-11-01 00:00:00','2015-03-31 00:00:00',42,383),(618,'Al 30/04/14: avance 80%',NULL,'2014-09-01 16:43:40',0,'2014-01-01 00:00:00','2015-12-31 00:00:00',44,386),(619,'Ampliación ET Puerto de Santa Fe: instalación segundo trafo de 30MVA. Fecha probable de habilitación: 2014. Plazo: 6 meses.\r\nCosto sin IVA: $ 773.000',NULL,'2014-11-10 10:57:43',773000,'2014-01-01 00:00:00','2015-12-31 00:00:00',60,389),(620,'Reparación de fachadas, escaleras e instalaciones de los edificios y refacción de los espacios públicos, entre otros arreglos. Firma de contrato: 01/10/14 - Empresa COCYAR',NULL,'2014-10-01 09:28:11',32698710,'2014-01-01 00:00:00','2015-12-31 00:00:00',84,390),(621,'Titularización: se entregaron 50 escrituras ',NULL,'2014-09-01 16:49:32',0,'2014-01-01 00:00:00','2015-12-31 00:00:00',85,390),(622,'Formación y capacitación: al 01/10/14 se hallan conformados los 11 consorcios correspondientes a todos los monoblocks del barrio.',NULL,'2014-10-01 09:24:49',0,'2014-01-01 00:00:00','2015-12-31 00:00:00',86,390),(627,'330 m de colectora y 67 cámaras internas del FONAVI.\r\n',NULL,'2014-10-16 12:40:35',1402593,'2014-04-01 00:00:00','2015-04-30 00:00:00',137,393),(629,'Alcance: 1652 suministros a 2016 en Santa Rosa de Lima y 804 suministros a 2015 en 12 de Octubre.\r\nAdjudicación  materiales en dic 2013 – LP 2874 Mano de Obra el 08/04/14 (incluye acometidas) se declaró desierta.\r\n',NULL,'2014-09-04 11:09:16',0,'2014-09-01 00:00:00','2015-09-01 00:00:00',148,395),(630,'30/7/14: apertura nuevo llamado licitatorio para ejecución obra (LP 2924, PO $7.683.674).\r\nAdjudicación prevista para Octubre 2014\r\nInicio de obra: noviembre 2014. Ejecución obra:8 meses. Fecha limite fin de obra: septiembre 2015',NULL,'2014-09-04 11:04:51',7683674,'2014-11-01 00:00:00','2015-06-30 00:00:00',149,395),(634,'Suministros 219 en 2014\r\nFin Oct 14\r\nPostación y tendido 65%\r\nAvance de obra 57%\r\nLP 2901 del 29/05/14, para compra de limitadores 12A con acometidas (193 para este barrio).  MO para instalación acometidas dentro de la ejecución de la obra de la red elect',NULL,'2014-09-01 17:15:09',0,'2014-01-01 00:00:00','2014-10-30 00:00:00',150,397),(636,'Proyecto que abarca dos barrios: \r\n1) Barrio Centenario: calle Tacca, Oroño y Pérez (63 conexiones)\r\n2) Barrio San Lorenzo: calle 3 de Febrero y Amenábar(40 conexiones), calle Roque Sáenz Peña (50 conexiones)',NULL,'2014-10-16 11:53:03',911103,'2014-03-01 00:00:00','2015-06-30 00:00:00',157,399),(637,'6.000 m de cañería distribuidora y 972 conexiones domiciliarias',NULL,'2014-10-16 12:01:29',5029260,'2014-03-01 00:00:00','2015-04-30 00:00:00',159,400),(674,'Taller de orientación ocupacional: Ma de 13,30 a 15,30 hs y Mie de 15 a 17 hs en CAF 25',NULL,'2014-09-18 10:35:30',0,'2014-08-13 00:00:00','2014-12-31 00:00:00',197,411),(675,'Taller de herrería: Vie de 14 a 16 hs en el CAF 22',NULL,'2014-09-18 10:31:38',0,'2014-09-08 00:00:00','2014-12-31 00:00:00',198,411),(676,'Taller de orientación ocupacional: Lu de 9 a 11 hs en la Vecinal Centenario',NULL,'2014-10-01 09:43:49',0,'2014-08-11 00:00:00','2014-12-31 00:00:00',199,411),(677,'Taller de orientación ocupacional: Ma de 16 a 18hs en el CAF 23',NULL,'2014-09-18 10:38:31',0,'2014-08-12 00:00:00','2014-12-31 00:00:00',200,411),(684,'CAF 25 (FONAVI San Jerónimo): taller de capacitación laboral en pastelería de Ideas en Marcha',NULL,'2014-09-02 14:57:27',0,'2014-01-01 00:00:00','2014-12-31 00:00:00',205,412),(685,'CAF 23 (Bº San Lorenzo): taller de capacitación laboral en carpintería de Ideas en Marcha',NULL,'2014-09-02 15:00:24',0,'2014-01-01 00:00:00','2014-12-31 00:00:00',206,412),(742,'Se realizó la apertura el 30/7/2014 de la licitación pública N° 2923 para la construcción de la red eléctrica en los barrios de: Barranquitas Oeste y Pro-Mejoras barranquitas  con un PO $2.752.134',NULL,'2014-09-04 10:37:56',2752134,'2014-10-01 00:00:00','2016-05-31 00:00:00',142,312),(743,'22/8/2014: Se realizó la apertura de la licitación pública N° 2936 para la adjudicación de la provisión de limitadores de corriente de 12ª para instalar en Alto Verde (1800 limitadores) por un monto de $2.230.800',NULL,'2014-09-04 11:50:25',2230800,'2013-08-01 00:00:00','2016-08-01 00:00:00',145,341),(745,'28/08/14: se finalizó la obra de la red eléctrica y la instalación de bajadas en el B° Loyola Sur para un total de 710 suministros quedando en ejecución la instalación de 40 bajadas nuevas. \r\n',NULL,'2014-09-04 12:26:54',0,'2013-08-01 00:00:00','2015-03-01 00:00:00',140,291),(777,'Inaugurada 08/09/14',NULL,'2014-09-09 09:13:38',13410000,'2014-09-08 00:00:00','2014-09-08 00:00:00',45,386),(786,'Entrega del subsidio',NULL,'2014-09-10 10:48:58',11200,'2014-06-23 00:00:00','2014-06-23 00:00:00',215,350),(791,'Encuentro de evaluacion intermedia',NULL,'2014-09-10 10:52:02',0,'2014-09-23 00:00:00','2014-09-24 00:00:00',216,350),(793,'Entrega de subsidio',NULL,'2014-09-10 11:01:49',9000,'2014-06-23 00:00:00','2014-06-23 00:00:00',217,455),(794,'Encuentro de evaluacion intermedia',NULL,'2014-09-10 11:02:59',0,'2014-09-23 00:00:00','2014-09-24 00:00:00',218,455),(795,'Entrega del subsidio',NULL,'2014-09-10 11:06:02',8000,'2014-06-23 00:00:00','2014-06-23 00:00:00',219,456),(796,'Encuentro de evaluacion intermedia',NULL,'2014-09-10 11:07:34',0,'2014-09-23 00:00:00','2014-09-24 00:00:00',220,456),(797,'Entrega del subsidio',NULL,'2014-09-10 11:10:55',8500,'2014-06-23 00:00:00','2014-06-23 00:00:00',221,457),(798,'Encuentro de evaluacion intermedia',NULL,'2014-09-10 11:11:37',0,'2014-09-23 00:00:00','2014-09-24 00:00:00',222,457),(799,'Entrega del subsidio',NULL,'2014-09-10 11:13:30',6000,'2014-06-23 00:00:00','2014-06-23 00:00:00',223,458),(800,'Encuentro de evaluacion intermedia',NULL,'2014-09-10 11:14:05',0,'2014-09-23 00:00:00','2014-09-24 00:00:00',224,458),(801,'Entrega del subsidio',NULL,'2014-09-10 11:15:48',3000,'2014-06-23 00:00:00','2014-06-23 00:00:00',225,459),(802,'Encuentro de evaluacion intermedia',NULL,'2014-09-10 11:16:27',0,'2014-09-23 00:00:00','2014-09-24 00:00:00',226,459),(803,'Entrega del subsidio',NULL,'2014-09-10 11:18:57',12500,'2014-06-23 00:00:00','2014-06-23 00:00:00',227,460),(804,'Encuentro de evaluacion intermedia',NULL,'2014-09-10 11:19:59',0,'2014-09-23 00:00:00','2014-09-24 00:00:00',228,460),(805,'Inscripcion de musicos, bailarines, artesanos y emprendedores de B° Barranquitas',NULL,'2014-09-24 11:24:31',0,'2014-09-01 00:00:00','2014-09-26 00:00:00',213,461),(806,'Entrega del subsidio',NULL,'2014-09-10 11:38:26',12950,'2014-06-23 00:00:00','2014-06-23 00:00:00',229,462),(807,'Encuentro de evaluacion intermedia',NULL,'2014-09-10 11:39:09',0,'2014-09-23 00:00:00','2014-09-24 00:00:00',230,462),(808,'Entrega del subsidio',NULL,'2014-09-10 11:41:11',7000,'2014-06-23 00:00:00','2014-06-23 00:00:00',231,463),(809,'Encuento de evaluacion intermedia',NULL,'2014-09-10 11:41:42',0,'2014-09-23 00:00:00','2014-09-24 00:00:00',232,463),(810,'Entrega del subsidio',NULL,'2014-09-10 11:43:29',12000,'2014-06-23 00:00:00','2014-06-23 00:00:00',233,464),(811,'Encuentro de evaluacion intermedia',NULL,'2014-09-10 11:44:03',0,'2014-09-23 00:00:00','2014-09-24 00:00:00',234,464),(812,'Entrega del subsidio',NULL,'2014-09-10 11:45:53',13000,'2014-06-23 00:00:00','2014-06-23 00:00:00',235,465),(813,'Encuentro de evaluacion intermedia',NULL,'2014-09-10 11:46:29',0,'2014-09-23 00:00:00','2014-09-24 00:00:00',236,465),(814,'Entrega del subsidio',NULL,'2014-09-10 11:49:01',11800,'2014-06-23 00:00:00','2014-06-23 00:00:00',237,466),(815,'Encuentro de evaluacion intermedia',NULL,'2014-09-10 11:49:31',0,'2014-09-23 00:00:00','2014-09-24 00:00:00',238,466),(816,'Entrega del subsidio',NULL,'2014-09-10 11:51:22',13000,'2014-06-23 00:00:00','2014-06-23 00:00:00',239,467),(817,'Encuentro de evaluacion intermedia',NULL,'2014-09-10 11:51:49',0,'2014-09-23 00:00:00','2014-09-24 00:00:00',240,467),(818,'Entrega del subsidio',NULL,'2014-09-10 11:53:22',13000,'2014-06-23 00:00:00','2014-06-23 00:00:00',241,468),(819,'Encuentro de evaluacion intermedia',NULL,'2014-09-10 11:53:58',0,'2014-09-23 00:00:00','2014-09-24 00:00:00',242,468),(821,'04 y 05/10/14: Evento en Vecinal UPL Barranquitas. Aprox 700 participantes',NULL,'2014-12-10 11:07:10',0,'2014-10-04 00:00:00','2014-10-05 00:00:00',214,461),(841,'Entrega del subsidio',NULL,'2014-09-17 10:56:18',13000,'2014-06-23 00:00:00','2014-06-23 00:00:00',243,474),(842,'Encuentro de evaluacion intermedia',NULL,'2014-09-17 10:57:44',0,'2014-09-23 00:00:00','2014-09-24 00:00:00',244,474),(843,'Entrega del subsidio',NULL,'2014-09-17 11:00:17',13000,'2014-06-23 00:00:00','2014-06-23 00:00:00',245,475),(844,'Encuentro de evaluacion intermedia',NULL,'2014-09-17 11:00:46',0,'2014-09-23 00:00:00','2014-09-24 00:00:00',246,475),(845,'Entrega del subsidio',NULL,'2014-09-17 11:02:36',10000,'2014-06-23 00:00:00','2014-06-23 00:00:00',247,476),(846,'Encuentro de evaluacion intermedia',NULL,'2014-09-17 11:03:07',0,'2014-09-23 00:00:00','2014-09-24 00:00:00',248,476),(847,'Entrega del subsidio',NULL,'2014-09-17 11:04:54',13000,'2014-06-23 00:00:00','2014-06-23 00:00:00',249,477),(848,'Encuentro de evaluacion intermedia',NULL,'2014-09-17 11:05:23',0,'2014-09-23 00:00:00','2014-09-24 00:00:00',250,477),(869,'Coronel Dorrego',NULL,'2014-10-22 11:57:22',0,'2014-08-19 00:00:00','2015-12-31 00:00:00',103,488),(870,'Barranquitas Oeste',NULL,'2014-10-22 11:57:08',0,'2014-08-19 00:00:00','2015-12-31 00:00:00',102,488),(871,'Padre Quiroga entre Mendoza y J.L. Borges',NULL,'2014-10-22 11:45:17',0,'2014-08-19 00:00:00','2015-12-31 00:00:00',106,489),(872,'Teniente Loza entre la Escuela Ravera y el Polidepotivo La Tablada',NULL,'2014-10-27 09:29:01',0,'2014-08-19 00:00:00','2015-12-31 00:00:00',109,490),(873,'Escuela Especial Nº 2026 Jardín de la Esperanza, Peñaloza 8420, hasta avenida Gorriti',NULL,'2014-10-27 09:37:17',0,'2014-08-19 00:00:00','2015-12-31 00:00:00',110,490),(874,'Escuela Nº76 Camila Cáceres de Ballarini, Vieytes 5345',NULL,'2014-10-27 09:33:58',0,'2014-08-19 00:00:00','2015-12-31 00:00:00',111,490),(875,'Escuela Nº1321 Dr. Agustín Zapata Gollán, Beck Bernard 8.100',NULL,'2014-10-27 09:34:50',0,'2014-08-19 00:00:00','2015-12-31 00:00:00',112,490),(876,'Callejón Roca entre\r\nAv. Aristóbulo del Valle y B° Universitario',NULL,'2014-10-27 09:35:34',0,'2014-08-19 00:00:00','2015-12-31 00:00:00',113,490),(877,'Escuela Nº1111 Luis Borruat, Aguado 2.900',NULL,'2014-10-27 09:35:56',0,'2014-08-19 00:00:00','2015-12-31 00:00:00',114,490),(878,'Manzana C - Villa Oculta',NULL,'2014-10-27 09:36:26',0,'2014-08-19 00:00:00','2015-12-31 00:00:00',115,490),(879,'Cruce de vías en calles Gdor. Freyre y Pedro Ferré',NULL,'2014-10-22 11:47:30',0,'2014-08-19 00:00:00','2015-12-31 00:00:00',119,491),(880,'Cruce de vías en calles San Lorenzo y Pedro Díaz Colodrero',NULL,'2014-10-22 11:47:48',0,'2014-08-19 00:00:00','2015-12-31 00:00:00',120,491),(881,'Pavimentacion y desague calle Moreno entre  Mosconi y Pje. Mitre',NULL,'2014-10-22 11:48:00',0,'2014-08-19 00:00:00','2015-12-31 00:00:00',121,491),(882,'Bernardo de Yrigoyen entre Florencio Fernández y Gorriti',NULL,'2014-10-22 11:50:14',0,'2014-08-19 00:00:00','2015-12-31 00:00:00',125,492),(883,'Azopardo entre Florencio Fernández y Callejón Aguirre',NULL,'2014-10-22 11:50:23',0,'2014-08-19 00:00:00','2015-12-31 00:00:00',124,492),(884,'Padre Quiroga entre Pasaje Jorge Luis Borges y Moreno',NULL,'2014-10-22 11:50:04',0,'2014-08-19 00:00:00','2015-12-31 00:00:00',126,492),(885,'Moreno entre Padre Quiroga y vía del F.F.C.C.',NULL,'2014-10-22 11:49:53',0,'2014-08-19 00:00:00','2015-12-31 00:00:00',127,492),(886,'Jujuy entre San José y Estrada',NULL,'2014-10-22 11:49:42',0,'2014-08-19 00:00:00','2015-12-31 00:00:00',128,492),(887,'Callejón El Sable entre Zavalla y Rivadavia',NULL,'2014-10-22 11:49:31',0,'2014-08-19 00:00:00','2015-12-31 00:00:00',129,492),(888,'Camino Viejo a Esperanza entre Regimiento 12 de Infantería y Alberti',NULL,'2014-10-22 11:49:21',0,'2014-08-19 00:00:00','2015-12-31 00:00:00',130,492),(889,'10/09/14: Apertura de sobres de licitación',NULL,'2014-10-16 12:02:39',0,'2014-09-10 00:00:00','2014-09-10 00:00:00',160,400),(890,'Apertura de sobres de licitacion 10/09/14',NULL,'2014-10-16 11:40:00',0,'2014-09-10 00:00:00','2014-09-10 00:00:00',155,342),(891,'Conexion de 193 usuarios',NULL,'2014-09-17 12:55:07',0,'2014-09-08 00:00:00','2014-09-19 00:00:00',151,397),(897,'Taller de gastronomía. Lu, Mie y Jue de 15 a 17 hs en CAF 25',NULL,'2014-10-01 09:41:30',0,'2014-09-08 00:00:00','2014-12-31 00:00:00',201,411),(898,'Taller textil: Jue 14 a 16 hs y Vie 15 a 17 hs en CAF 25',NULL,'2014-10-01 09:42:08',0,'2014-09-08 00:00:00','2014-12-31 00:00:00',202,411),(899,'Taller de marroquineria: Mie de 09 a 11 hs y de 17 a 18,30 hs en la Vecinal Centenario',NULL,'2014-10-01 09:42:43',0,'2014-09-08 00:00:00','2014-12-31 00:00:00',203,411),(900,'Taller de carpintería: Lu de 14 a 16 hs en el CAF 23',NULL,'2014-10-01 09:43:01',0,'2014-09-08 00:00:00','2014-12-31 00:00:00',204,411),(963,'La Salle (cerco perimetral)',NULL,'2014-09-22 12:30:53',250000,'2014-08-05 00:00:00','2014-08-05 00:00:00',162,529),(964,'La Perla Oeste (ampliación del SUM)',NULL,'2014-09-22 12:30:26',200000,'2014-08-05 00:00:00','2014-08-05 00:00:00',163,529),(965,'Banco Provincial (refaccción galpón y sanitarios)',NULL,'2014-09-22 12:34:14',97200,'2014-08-05 00:00:00','2014-08-05 00:00:00',164,529),(966,'Club de Niños Manuel Belgrano (baños, vestuarios y SUM)',NULL,'2014-09-22 12:35:29',235000,'2014-08-05 00:00:00','2014-08-05 00:00:00',165,529),(967,'Ciclón Racing (tribuna)',NULL,'2014-09-24 09:41:02',200000,'2014-08-05 00:00:00','2014-08-05 00:00:00',166,529),(968,'Club Defensores de Peñaloza (falta documentación y proyecto)',NULL,'2014-09-22 12:40:58',0,'2014-08-05 00:00:00','2014-12-31 00:00:00',167,529),(969,'NOB (gimnasio)',NULL,'2014-09-22 12:43:10',766808,'2014-08-05 00:00:00','2014-08-05 00:00:00',168,529),(970,'CILSA (movim. de tierra y alojamiento deportivo)',NULL,'2014-09-22 12:44:29',130000,'2014-08-05 00:00:00','2014-12-31 00:00:00',169,529),(972,'1er. Taller 06/09/14 - Participaron 22 dirigentes de 16 clubes',NULL,'2014-12-03 10:05:28',0,'2014-09-06 00:00:00','2014-09-06 00:00:00',174,530),(975,'Bochas La Pampita',NULL,'2014-09-22 12:50:50',0,'2014-08-01 00:00:00','2014-12-31 00:00:00',176,531),(976,'El Bochazo',NULL,'2014-09-22 12:52:11',0,'2014-08-01 00:00:00','2014-12-31 00:00:00',177,531),(977,'Gral. Arenales',NULL,'2014-09-22 12:52:56',0,'2014-08-01 00:00:00','2014-12-31 00:00:00',178,531),(978,'Bochas Mitre',NULL,'2014-09-22 12:53:23',0,'2014-08-01 00:00:00','2014-12-31 00:00:00',179,531),(979,'San Lorenzo',NULL,'2014-09-22 12:53:50',0,'2014-08-01 00:00:00','2014-12-31 00:00:00',180,531),(980,'Sportivo Amenabar',NULL,'2014-09-22 12:54:16',0,'2014-08-01 00:00:00','2014-12-31 00:00:00',181,531),(981,'Club Nacional',NULL,'2014-09-22 12:54:41',0,'2014-08-01 00:00:00','2014-12-31 00:00:00',182,531),(982,'Los Querandíes',NULL,'2014-09-22 12:55:03',0,'2014-08-01 00:00:00','2014-12-31 00:00:00',183,531),(983,'Kimberley',NULL,'2014-09-22 12:55:28',0,'2014-08-01 00:00:00','2014-12-31 00:00:00',184,531),(984,'Deportivo Nuevo Horizonte',NULL,'2014-09-22 12:56:42',0,'2014-08-01 00:00:00','2014-12-31 00:00:00',185,531),(985,'Bochas los 40',NULL,'2014-09-22 12:57:10',0,'2014-08-01 00:00:00','2014-12-31 00:00:00',186,531),(986,'Bochas French',NULL,'2014-09-22 12:57:34',0,'2014-08-01 00:00:00','2014-12-31 00:00:00',187,531),(987,'Deportivo Loyola (titularidad del predio)',NULL,'2014-09-22 12:58:36',0,'2014-08-01 00:00:00','2014-12-31 00:00:00',188,531),(988,'Club Social y Deportivo Los Canarios (sin terreno propio)',NULL,'2014-09-22 12:59:05',0,'2014-08-01 00:00:00','2014-12-31 00:00:00',189,531),(989,'El Pacú',NULL,'2014-09-22 13:00:20',0,'2014-08-01 00:00:00','2014-12-31 00:00:00',190,531),(990,'Atlético Alto Verde',NULL,'2014-09-22 13:00:52',0,'2014-08-01 00:00:00','2014-12-31 00:00:00',191,531),(991,'Vuelta del Paraguayo (falta documentacion y proyecto)',NULL,'2014-09-22 13:02:53',0,'2014-08-05 00:00:00','2014-12-31 00:00:00',170,529),(992,'Ciclista (falta documentación y proyecto)',NULL,'2014-09-22 13:03:53',0,'2014-08-05 00:00:00','2014-12-31 00:00:00',171,529),(994,'Pucara (falta documentacion y proyecto)',NULL,'2014-09-24 09:44:35',0,'2014-08-05 00:00:00','2014-12-31 00:00:00',172,529),(995,'Sportivo Guadalupe (falta documentacion y proyecto)',NULL,'2014-09-24 09:45:51',0,'2014-08-05 00:00:00','2014-12-31 00:00:00',173,529),(996,'Bochas El Litoral',NULL,'2014-09-24 09:56:30',0,'2014-08-01 00:00:00','2014-12-31 00:00:00',192,531),(997,'Chacarita Juniors (titularidad del predio)',NULL,'2014-09-24 09:57:36',0,'2014-08-01 00:00:00','2014-12-31 00:00:00',193,531),(998,'Cebollitas (no posee terreno propio)',NULL,'2014-09-24 09:58:41',0,'2014-08-01 00:00:00','2014-12-31 00:00:00',194,531),(1000,'Villa Hipódromo',NULL,'2014-09-24 10:56:58',0,'2014-06-13 00:00:00','2014-06-13 00:00:00',211,253),(1001,'San Lorenzo',NULL,'2014-09-24 10:59:37',0,'2014-06-17 00:00:00','2014-06-17 00:00:00',212,253),(1002,'24/09: Firma del contrato con la empresa. \r\nLa obra fue adjudicada a la empresa Arq. Mario E. Iglesias. Plazo de ejecución de 240 días.\r\n',NULL,'2014-09-24 11:02:12',4352780,'2014-09-24 00:00:00','2015-05-24 00:00:00',30,382),(1006,'Firma del contrato:30/06/14',NULL,'2014-11-28 12:10:31',35500000,'2014-06-30 00:00:00','2014-06-30 00:00:00',46,535),(1009,'Ejecucion UTE Mundo Construcciones - COEMYC',NULL,'2014-09-25 11:56:13',0,'2014-08-01 00:00:00','2014-12-31 00:00:00',47,535),(1010,'Relicitacion: Obras de terminación. Apertura de sobres: 30/12/14. PO: $8.573.842,26',NULL,'2014-12-19 11:31:46',0,'2014-10-01 00:00:00','2014-12-30 00:00:00',41,358),(1011,'Apertura de sobres: 08/10/14',NULL,'2014-11-28 12:01:37',0,'2014-10-08 00:00:00','2014-10-08 00:00:00',43,383),(1021,'Etapa 1 adjudicada a INAR Vial SA: 09/12/14',NULL,'2014-12-10 09:53:05',0,'2014-12-09 00:00:00','2014-12-09 00:00:00',132,544),(1023,'Talleres de capacitacion laboral en refrigeración, costura, carpintería, herrería y peluquería. Duracion: 4 meses',NULL,'2014-10-27 09:51:52',0,'2014-01-01 00:00:00','2014-12-31 00:00:00',207,545),(1027,'Titularizacion: entrega de 14 escrituras',NULL,'2014-10-01 09:25:38',0,'2014-10-01 00:00:00','2014-10-01 00:00:00',87,390),(1067,'2do. Taller 27/10/14 - Participaron 16 dirigentes de 11 clubes',NULL,'2014-12-03 10:13:58',0,'2014-10-27 00:00:00','2014-10-27 00:00:00',175,530),(1070,'Titularización de viviendas: 30 escrituras entregadas. INFORMACION DE PRENSA',NULL,'2014-10-10 11:23:28',0,'2014-07-29 00:00:00','2014-07-29 00:00:00',80,289),(1071,'Entrega 12 viviendas (a cargo de MCSF) INFORMACION DE PRENSA',NULL,'2014-10-10 11:29:02',0,'2014-05-01 00:00:00','2014-05-01 00:00:00',76,288),(1072,'Entrega 42 viviendas INFORMACION DE PRENSA',NULL,'2014-10-10 11:28:37',0,'2014-08-20 00:00:00','2014-08-20 00:00:00',77,288),(1073,'Entrega de 60 viviendas INFORMACION DE PRENSA',NULL,'2014-10-10 11:29:56',0,'2014-10-01 00:00:00','2014-10-31 00:00:00',78,288),(1114,'Adjudicada a Winkelman. Inicio de obra 25/10/14',NULL,'2014-10-16 11:41:31',0,'2014-10-25 00:00:00','2014-10-25 00:00:00',156,342),(1115,'A licitar fin de octubre',NULL,'2014-10-16 11:54:18',0,'2014-10-01 00:00:00','2014-10-31 00:00:00',158,399),(1116,'Adjudicado a Cocyar. Inicio de obra 25/10/14',NULL,'2014-10-16 12:04:04',0,'2014-10-01 00:00:00','2014-10-25 00:00:00',161,400),(1120,'A licitar mediados de noviembre',NULL,'2014-10-16 12:22:30',0,'2014-11-01 00:00:00','2014-11-30 00:00:00',153,314),(1121,'Construcción de sala de grupo electrógeno para Estación Elevadora de agua.',NULL,'2014-10-16 12:27:01',300000,'2014-07-01 00:00:00','2014-12-31 00:00:00',88,612),(1122,'Adjudicado a Martire Construcciones. Inicio de obra 25/10/14',NULL,'2014-10-16 12:28:12',0,'2014-10-01 00:00:00','2014-10-25 00:00:00',89,612),(1123,'Montaje de grupo electrógeno en Estación Elevadora de agua',NULL,'2014-10-16 12:31:07',300000,'2014-06-01 00:00:00','2014-12-31 00:00:00',90,613),(1124,'Adjudicado a Martire Construcciones. Inicio de obras 25/10/14',NULL,'2014-10-16 12:32:13',0,'2014-10-01 00:00:00','2014-10-25 00:00:00',91,613),(1125,'A licitar fin de octubre',NULL,'2014-10-16 12:41:08',0,'2014-10-01 00:00:00','2014-10-31 00:00:00',138,393),(1126,'Relevamiento y replanteo en ejecución. Avance 3%',NULL,'2014-10-16 12:52:54',0,'2014-07-01 00:00:00','2015-07-31 00:00:00',136,310),(1127,'Apertura de sobres oferta económica: 02/06/14',NULL,'2014-10-16 12:51:50',0,'2014-06-02 00:00:00','2014-06-02 00:00:00',135,310),(1129,'Construcción sala de grupo electrógeno en Estación Elevadora Cloacal',NULL,'2014-10-16 13:16:37',300000,'2014-07-01 00:00:00','2014-12-31 00:00:00',92,615),(1130,'Adjudicado a Martire Construcciones. Inicio de obras 25/10/14',NULL,'2014-10-16 13:17:39',0,'2014-10-01 00:00:00','2014-10-25 00:00:00',93,615),(1131,'Construcción sala de grupo electrógeno en Estación Elevadora Cloacal',NULL,'2014-10-16 13:20:51',300000,'2014-06-01 00:00:00','2014-12-31 00:00:00',94,616),(1132,'Adjudicado a Martire Construcciones. Inicio de obras 25/10/14',NULL,'2014-10-16 13:21:30',0,'2014-10-01 00:00:00','2014-10-25 00:00:00',95,616),(1133,'Reposición tanques de agua en monoblocks 1 al 6. Remoción, demolición y retiro de escombros de los viejos tanques de reserva.',NULL,'2014-12-10 10:35:57',800000,'2014-05-01 00:00:00','2014-05-31 00:00:00',69,242),(1134,'Gestion de compra directa 05/14 del 14/03/14 para la compra de un módulo habitacional para el establecimiento físico del personal policial.',NULL,'2014-10-21 09:15:04',0,'2014-03-14 00:00:00','2014-06-05 00:00:00',36,337),(1135,'Decreto Nº 1.653 del 05/06/14: adjudicacion a SCG 1887 S.R.L.',NULL,'2014-10-21 09:13:06',1308935,'2014-06-01 00:00:00','2014-06-05 00:00:00',37,337),(1140,'Entrega de los boletos de compraventa de 67 lotes',NULL,'2014-10-22 08:58:39',0,'2014-10-22 00:00:00','2014-10-22 00:00:00',67,361),(1141,'MCSF - Apertura de sobres: 17/6/14',NULL,'2014-10-22 09:50:15',0,'2014-06-17 00:00:00','2014-06-17 00:00:00',97,309),(1142,'MCSF - Adjudicado a EFE Construcciones. Monto: $6.524.000 - Plazo 5 meses',NULL,'2014-10-22 09:57:23',0,'2014-08-01 00:00:00','2014-08-31 00:00:00',98,309),(1143,'A octubre 2014: 20% avance',NULL,'2014-10-22 09:51:52',0,'2014-10-21 00:00:00','2014-10-21 00:00:00',99,309),(1144,'Entrega de subsidio a MCSF',NULL,'2014-10-22 11:24:35',0,'2014-10-22 00:00:00','2014-10-22 00:00:00',82,289),(1145,'Firma del Convenio con MCSF',NULL,'2014-10-22 11:25:19',0,'2014-07-29 00:00:00','2014-07-29 00:00:00',81,289),(1146,'Convenio firmado 19/08/14',NULL,'2014-10-22 11:30:14',0,'2014-08-19 00:00:00','2014-08-19 00:00:00',100,488),(1147,'Convenio firmado 19/08/14',NULL,'2014-10-22 11:33:22',0,'2014-08-19 00:00:00','2014-08-19 00:00:00',122,492),(1148,'Convenio firmado 19/08/14',NULL,'2014-10-22 11:37:54',0,'2014-08-19 00:00:00','2014-08-19 00:00:00',117,491),(1149,'Convenio firmado 19/08/14',NULL,'2014-10-22 11:40:49',0,'2014-08-19 00:00:00','2014-08-19 00:00:00',107,490),(1150,'Entrega de fondos 22/10/14',NULL,'2014-10-22 11:41:23',0,'2014-10-22 00:00:00','2014-10-22 00:00:00',108,490),(1151,'Entrega de fondos 22/10/14',NULL,'2014-10-22 11:45:39',0,'2014-10-22 00:00:00','2014-10-22 00:00:00',105,489),(1152,'Entrega de fondos 22/10/14',NULL,'2014-10-22 11:46:50',0,'2014-10-22 00:00:00','2014-10-22 00:00:00',118,491),(1153,'Entrega de fondos 22/10/14',NULL,'2014-10-22 11:48:45',0,'2014-10-22 00:00:00','2014-10-22 00:00:00',123,492),(1154,'Convenio firmado 19/08/14',NULL,'2014-10-22 11:52:15',0,'2014-10-22 00:00:00','2014-10-22 00:00:00',104,489),(1155,'Entrega de fondos 22/10/14',NULL,'2014-10-22 11:56:24',0,'2014-10-22 00:00:00','2014-10-22 00:00:00',101,488),(1194,'Apertura de sobres LP 17/14 (MCSF): 24/10/14\r\nPO $950.000 - 1 oferta $1.121.650,89 (para los 7 tramos de veredas)',NULL,'2014-10-27 09:39:03',0,'2014-10-24 00:00:00','2014-10-24 00:00:00',116,490),(1195,'Firma del convenio MTySS-Vecinal: 15/10/14. Aporte provincial para compra de insumos y herramientas.',NULL,'2014-10-27 09:54:25',1150000,'2014-10-15 00:00:00','2014-10-15 00:00:00',208,545),(1197,'Adjudicada a Osvaldo María Alegre S.A. Firma de contrato 24/04/13 - Plazo: 18 meses',NULL,'2014-10-27 12:33:36',27268628,'2013-04-24 00:00:00','2014-10-31 00:00:00',6,354),(1199,'12 cuadras de avenida de dos calzadas de 7,30 metros de ancho (con dos carriles exclusivos de circulación), separadas por un cantero central con cobertura vegetal, donde pasará una ciclovía de concreto asfáltico, dársenas laterales de estacionamiento, ver',NULL,'2014-10-27 11:32:58',0,'2013-04-24 00:00:00','2014-10-31 00:00:00',5,354),(1204,'Avance a octubre/14: 16,28%',NULL,'2014-10-27 12:22:00',0,'2014-10-31 00:00:00','2014-10-31 00:00:00',4,334),(1260,'Informe octubre 2014: Se licitó y las ofertas recibidas superaban el limite de ampliación de la adjudicación. Se realizará nueva licitación Enero 2015',NULL,'2014-11-10 10:59:40',0,'2015-01-01 00:00:00','2015-01-31 00:00:00',61,389),(1261,'A octubre 2014: Monto ejecutado $ 7.357.539. Porcentaje de avance físico: 55%',NULL,'2014-11-10 11:03:54',0,'2014-01-01 00:00:00','2014-12-31 00:00:00',57,338),(1262,'Informe octubre 2014: Licitación en proceso.\r\nCosto estimativo sin IVA: $ 3.400.000. Plazo 6 meses.',NULL,'2014-11-10 11:13:19',3400000,'2014-01-01 00:00:00','2014-12-31 00:00:00',49,240),(1263,'Informe octubre 2014: Licitación en proceso. Costo estimativo sin IVA: $ 1.526.000. Plazo 2 meses.',NULL,'2014-11-10 11:17:10',1526000,'2014-10-01 00:00:00','2014-12-31 00:00:00',51,275),(1264,'Informe octubre 2014: Licitación en proceso. Costo estimativo sin IVA: $ 4.480.000. Plazo 2 meses.',NULL,'2014-11-10 11:20:06',4480000,'2014-10-01 00:00:00','2014-12-31 00:00:00',59,359),(1265,'Informe octubre 2014: Costo estimativo sin IVA: $ 1.288.000. Plazo 2 meses.',NULL,'2014-11-10 11:27:11',1288000,'2015-01-01 00:00:00','2015-12-31 00:00:00',55,307),(1266,'Informe octubre 2014: Costo estimativo sin IVA: $ 9.900.000. Plazo 11 meses.',NULL,'2014-11-10 11:25:19',9900000,'2015-01-01 00:00:00','2015-11-30 00:00:00',53,276),(1297,'Etapa 1.\r\nAvance a Nov/14: 20%. Finalización estimada: mayo 2015.',NULL,'2014-11-28 11:49:57',0,'2014-11-22 00:00:00','2014-11-22 00:00:00',13,272),(1298,'Inauguración 26/11/14',NULL,'2014-11-27 09:39:34',0,'2014-11-26 00:00:00','2014-11-26 00:00:00',39,337),(1299,'Apertura de sobres: 27/11/14. PO: $ 45.008.772,53',NULL,'2014-11-27 09:48:50',0,'2014-11-27 00:00:00','2014-11-27 00:00:00',33,270),(1300,'Proyectado 2014:\r\nAdquisicion de mobiliario escolar',NULL,'2014-12-01 11:06:25',0,'2014-01-01 00:00:00','2015-12-31 00:00:00',21,380),(1304,'Etapa 1: desde el puente Héroes de Malvinas hasta la calle Demetrio Gómez (aprox 2.740 m). Plazo de ejecución: 120 días.',NULL,'2014-12-10 09:52:15',14200000,'2014-12-09 00:00:00','2015-04-09 00:00:00',131,544),(1305,'Etapa 2: pavimentación de la calle Demetrio Gómez (pavimento y cordón cuneta) desde el ingreso hasta la última escuela del barrio y construcción de nuevas garitas de colectivo. Plazo: 120 días. Inversion estimada: $20 millones. Por convenio con MCSF',NULL,'2014-12-10 09:56:31',0,'2015-02-01 00:00:00','2015-06-30 00:00:00',133,544),(1310,'Dic 2014: 18 consorcios conformados',NULL,'2014-12-10 10:31:59',0,'2014-12-01 00:00:00','2014-12-31 00:00:00',83,289),(1311,'Construcción sala de rebombeo',NULL,'2014-12-10 10:37:29',3549037,'2014-06-01 00:00:00','2015-07-31 00:00:00',70,242),(1312,'3/11/14 - Apertura de sobres',NULL,'2014-12-10 10:38:19',0,'2014-11-03 00:00:00','2014-11-03 00:00:00',71,242),(1313,'Reacondicionamiento del sistema de agua potable. PO $4.879.758,12',NULL,'2014-12-11 11:14:24',0,'2015-01-01 00:00:00','2015-12-31 00:00:00',72,242),(1314,'10/12/14: Apertura de sobres',NULL,'2014-12-11 11:01:28',0,'2014-12-10 00:00:00','2014-12-10 00:00:00',74,242),(1320,'Demolición de tanques de reserva de hormigón armado y ejecución de torres y montajes de tanques de reserva de polietileno -monoblocks 8, 9, 10, 11, 12 y 13. PO: $ 981.101,66',NULL,'2014-12-11 12:34:52',0,'2015-01-01 00:00:00','2015-12-31 00:00:00',73,242),(1322,'A Diciembre 2014: Terminada',NULL,'2014-12-11 12:11:48',0,'2014-12-31 00:00:00','2014-12-31 00:00:00',2,282);
/*!40000 ALTER TABLE `DetalleProyecto` ENABLE KEYS */;
UNLOCK TABLES;

--
-- Table structure for table `Distrito`
--

DROP TABLE IF EXISTS `Distrito`;
/*!40101 SET @saved_cs_client     = @@character_set_client */;
/*!40101 SET character_set_client = utf8 */;
CREATE TABLE `Distrito` (
  `id` int(11) NOT NULL,
  `nombre` varchar(255) COLLATE utf8_unicode_ci NOT NULL,
  `numero` int(11) NOT NULL,
  `localidad_id` int(11) DEFAULT NULL,
  PRIMARY KEY (`id`),
  KEY `IDX_47517BAB67707C89` (`localidad_id`),
  CONSTRAINT `FK_47517BAB67707C89` FOREIGN KEY (`localidad_id`) REFERENCES `Localidad` (`id`)
) ENGINE=InnoDB DEFAULT CHARSET=utf8 COLLATE=utf8_unicode_ci;
/*!40101 SET character_set_client = @saved_cs_client */;

--
-- Dumping data for table `Distrito`
--

LOCK TABLES `Distrito` WRITE;
/*!40000 ALTER TABLE `Distrito` DISABLE KEYS */;
INSERT INTO `Distrito` VALUES (1,'NOROESTE',1,150),(2,'NORTE',2,150),(3,'NORESTE',3,150),(4,'OESTE',4,150),(5,'ESTE',5,150),(6,'SUROESTE',6,150),(7,'CENTRO',7,150),(8,'COSTA',8,150),(9,'NORTE',1,212),(10,'NOROESTE',2,212),(11,'OESTE',3,212),(12,'SUDOESTE',4,212),(13,'SUR',5,212),(14,'CENTRO',6,212),(16,'NORTE',1,151),(17,'NOROESTE',2,151),(18,'NORESTE',3,151),(19,'OESTE',4,151),(20,'ESTE',5,151),(21,'SUR',6,151);
/*!40000 ALTER TABLE `Distrito` ENABLE KEYS */;
UNLOCK TABLES;

--
-- Table structure for table `EjeTrabajo`
--

DROP TABLE IF EXISTS `EjeTrabajo`;
/*!40101 SET @saved_cs_client     = @@character_set_client */;
/*!40101 SET character_set_client = utf8 */;
CREATE TABLE `EjeTrabajo` (
  `id` int(11) NOT NULL,
  `nombre` varchar(255) COLLATE utf8_unicode_ci NOT NULL,
  `orden` int(11) NOT NULL,
  PRIMARY KEY (`id`)
) ENGINE=InnoDB DEFAULT CHARSET=utf8 COLLATE=utf8_unicode_ci;
/*!40101 SET character_set_client = @saved_cs_client */;

--
-- Dumping data for table `EjeTrabajo`
--

LOCK TABLES `EjeTrabajo` WRITE;
/*!40000 ALTER TABLE `EjeTrabajo` DISABLE KEYS */;
INSERT INTO `EjeTrabajo` VALUES (1,'Infraestructura y Hábitat',1),(2,'Convivencia y Participación',2);
/*!40000 ALTER TABLE `EjeTrabajo` ENABLE KEYS */;
UNLOCK TABLES;

--
-- Table structure for table `EstadoProyecto`
--

DROP TABLE IF EXISTS `EstadoProyecto`;
/*!40101 SET @saved_cs_client     = @@character_set_client */;
/*!40101 SET character_set_client = utf8 */;
CREATE TABLE `EstadoProyecto` (
  `id` int(11) NOT NULL AUTO_INCREMENT,
  `nombre` varchar(255) COLLATE utf8_unicode_ci NOT NULL,
  `pes_id` int(11) NOT NULL,
  PRIMARY KEY (`id`)
) ENGINE=InnoDB AUTO_INCREMENT=251 DEFAULT CHARSET=utf8 COLLATE=utf8_unicode_ci;
/*!40101 SET character_set_client = @saved_cs_client */;

--
-- Dumping data for table `EstadoProyecto`
--

LOCK TABLES `EstadoProyecto` WRITE;
/*!40000 ALTER TABLE `EstadoProyecto` DISABLE KEYS */;
INSERT INTO `EstadoProyecto` VALUES (1,'En ejecución de acuerdo a lo planificado',1),(2,'Finalizado',6),(3,'En ejecución de acuerdo a lo planificado',1),(4,'En ejecución de acuerdo a lo planificado',1),(5,'En ejecución de acuerdo a lo planificado',1),(6,'Finalizado',6),(7,'En ejecución de acuerdo a lo planificado',1),(8,'En ejecución de acuerdo a lo planificado',1),(9,'Programada para iniciar en próximos meses/próximo año',3),(10,'En ejecución de acuerdo a lo planificado',1),(11,'Programada para iniciar en próximos meses/próximo año',3),(12,'En ejecución de acuerdo a lo planificado',1),(13,'En ejecución de acuerdo a lo planificado',1),(14,'En ejecución de acuerdo a lo planificado',1),(15,'Programada para iniciar en próximos meses/próximo año',3),(16,'En ejecución de acuerdo a lo planificado',1),(17,'No hay información (no fue enviada)',5),(18,'En ejecución de acuerdo a lo planificado',1),(19,'No hay información (no fue enviada)',5),(20,'En ejecución de acuerdo a lo planificado',1),(21,'Programada para iniciar en próximos meses/próximo año',3),(22,'Finalizado',6),(23,'En ejecución de acuerdo a lo planificado',1),(24,'En ejecución de acuerdo a lo planificado',1),(25,'Finalizado',6),(26,'En ejecución de acuerdo a lo planificado',1),(27,'Finalizado',6),(28,'En ejecución de acuerdo a lo planificado',1),(29,'En ejecución de acuerdo a lo planificado',1),(30,'En ejecución de acuerdo a lo planificado',1),(31,'Finalizado',6),(32,'En ejecución de acuerdo a lo planificado',1),(33,'En ejecución de acuerdo a lo planificado',1),(34,'Finalizado',6),(35,'En ejecución de acuerdo a lo planificado',1),(36,'Finalizado',6),(37,'Finalizado',6),(38,'En ejecución de acuerdo a lo planificado',1),(39,'Finalizado',6),(40,'Paralizada',4),(41,'Programada para iniciar en próximos meses/próximo año',3),(42,'En ejecución de acuerdo a lo planificado',1),(43,'En ejecución de acuerdo a lo planificado',1),(44,'En ejecución de acuerdo a lo planificado',1),(45,'Finalizado',6),(46,'Finalizado',6),(47,'En ejecución de acuerdo a lo planificado',1),(48,'No hay información (no fue enviada)',5),(49,'En ejecución de acuerdo a lo planificado',1),(50,'No hay información (no fue enviada)',5),(51,'En ejecución de acuerdo a lo planificado',1),(52,'No hay información (no fue enviada)',5),(53,'En ejecución de acuerdo a lo planificado',1),(54,'Programada para iniciar en próximos meses/próximo año',3),(55,'En ejecución de acuerdo a lo planificado',1),(56,'En ejecución de acuerdo a lo planificado',1),(57,'En ejecución de acuerdo a lo planificado',1),(58,'No hay información (no fue enviada)',5),(59,'En ejecución de acuerdo a lo planificado',1),(60,'En ejecución de acuerdo a lo planificado',1),(61,'Programada para iniciar en próximos meses/próximo año',3),(62,'En ejecución de acuerdo a lo planificado',1),(63,'Finalizado',6),(64,'En ejecución de acuerdo a lo planificado',1),(65,'En ejecución de acuerdo a lo planificado',1),(66,'Programada para iniciar en próximos meses/próximo año',3),(67,'Finalizado',6),(68,'En ejecución de acuerdo a lo planificado',1),(69,'Finalizado',6),(70,'En ejecución de acuerdo a lo planificado',1),(71,'Finalizado',6),(72,'En ejecución de acuerdo a lo planificado',1),(73,'En ejecución de acuerdo a lo planificado',1),(74,'Finalizado',6),(75,'Finalizado',6),(76,'Finalizado',6),(77,'Finalizado',6),(78,'Programada para iniciar en próximos meses/próximo año',3),(79,'En ejecución de acuerdo a lo planificado',1),(80,'Finalizado',6),(81,'Finalizado',6),(82,'Finalizado',6),(83,'En ejecución de acuerdo a lo planificado',1),(84,'En ejecución de acuerdo a lo planificado',1),(85,'Finalizado',6),(86,'En ejecución de acuerdo a lo planificado',1),(87,'Finalizado',6),(88,'En ejecución de acuerdo a lo planificado',1),(89,'Finalizado',6),(90,'En ejecución de acuerdo a lo planificado',1),(91,'Finalizado',6),(92,'En ejecución de acuerdo a lo planificado',1),(93,'Finalizado',6),(94,'En ejecución de acuerdo a lo planificado',1),(95,'Finalizado',6),(96,'En ejecución de acuerdo a lo planificado',1),(97,'Finalizado',6),(98,'Finalizado',6),(99,'En ejecución de acuerdo a lo planificado',1),(100,'Finalizado',6),(101,'Finalizado',6),(102,'No hay información (no fue enviada)',5),(103,'No hay información (no fue enviada)',5),(104,'Finalizado',6),(105,'Finalizado',6),(106,'No hay información (no fue enviada)',5),(107,'Finalizado',6),(108,'Finalizado',6),(109,'En ejecución de acuerdo a lo planificado',1),(110,'En ejecución de acuerdo a lo planificado',1),(111,'En ejecución de acuerdo a lo planificado',1),(112,'En ejecución de acuerdo a lo planificado',1),(113,'En ejecución de acuerdo a lo planificado',1),(114,'En ejecución de acuerdo a lo planificado',1),(115,'En ejecución de acuerdo a lo planificado',1),(116,'Finalizado',6),(117,'Finalizado',6),(118,'Finalizado',6),(119,'No hay información (no fue enviada)',5),(120,'No hay información (no fue enviada)',5),(121,'No hay información (no fue enviada)',5),(122,'Finalizado',6),(123,'Finalizado',6),(124,'No hay información (no fue enviada)',5),(125,'No hay información (no fue enviada)',5),(126,'No hay información (no fue enviada)',5),(127,'No hay información (no fue enviada)',5),(128,'No hay información (no fue enviada)',5),(129,'No hay información (no fue enviada)',5),(130,'No hay información (no fue enviada)',5),(131,'En ejecución de acuerdo a lo planificado',1),(132,'Finalizado',6),(133,'Programada para iniciar en próximos meses/próximo año',3),(134,'En ejecución de acuerdo a lo planificado',1),(135,'Finalizado',6),(136,'En ejecución de acuerdo a lo planificado',1),(137,'En ejecución de acuerdo a lo planificado',1),(138,'Programada para iniciar en próximos meses/próximo año',3),(139,'En ejecución de acuerdo a lo planificado',1),(140,'En ejecución de acuerdo a lo planificado',1),(141,'Programada para iniciar en próximos meses/próximo año',3),(142,'Programada para iniciar en próximos meses/próximo año',3),(143,'En ejecución de acuerdo a lo planificado',1),(144,'En ejecución de acuerdo a lo planificado',1),(145,'En ejecución de acuerdo a lo planificado',1),(146,'En ejecución de acuerdo a lo planificado',1),(147,'En ejecución de acuerdo a lo planificado',1),(148,'Programada para iniciar en próximos meses/próximo año',3),(149,'Programada para iniciar en próximos meses/próximo año',3),(150,'En ejecución de acuerdo a lo planificado',1),(151,'En ejecución de acuerdo a lo planificado',1),(152,'En ejecución de acuerdo a lo planificado',1),(153,'Programada para iniciar en próximos meses/próximo año',3),(154,'En ejecución de acuerdo a lo planificado',1),(155,'Finalizado',6),(156,'Finalizado',6),(157,'Programada para iniciar en próximos meses/próximo año',3),(158,'En ejecución de acuerdo a lo planificado',1),(159,'En ejecución de acuerdo a lo planificado',1),(160,'Finalizado',6),(161,'Finalizado',6),(162,'En ejecución de acuerdo a lo planificado',1),(163,'En ejecución de acuerdo a lo planificado',1),(164,'En ejecución de acuerdo a lo planificado',1),(165,'En ejecución de acuerdo a lo planificado',1),(166,'En ejecución de acuerdo a lo planificado',1),(167,'Programada para iniciar en próximos meses/próximo año',3),(168,'En ejecución de acuerdo a lo planificado',1),(169,'En ejecución de acuerdo a lo planificado',1),(170,'Programada para iniciar en próximos meses/próximo año',3),(171,'Programada para iniciar en próximos meses/próximo año',3),(172,'Programada para iniciar en próximos meses/próximo año',3),(173,'Programada para iniciar en próximos meses/próximo año',3),(174,'Finalizado',6),(175,'Finalizado',6),(176,'En ejecución de acuerdo a lo planificado',1),(177,'En ejecución de acuerdo a lo planificado',1),(178,'En ejecución de acuerdo a lo planificado',1),(179,'En ejecución de acuerdo a lo planificado',1),(180,'En ejecución de acuerdo a lo planificado',1),(181,'En ejecución de acuerdo a lo planificado',1),(182,'En ejecución de acuerdo a lo planificado',1),(183,'En ejecución de acuerdo a lo planificado',1),(184,'En ejecución de acuerdo a lo planificado',1),(185,'En ejecución de acuerdo a lo planificado',1),(186,'En ejecución de acuerdo a lo planificado',1),(187,'En ejecución de acuerdo a lo planificado',1),(188,'En ejecución de acuerdo a lo planificado',1),(189,'En ejecución de acuerdo a lo planificado',1),(190,'En ejecución de acuerdo a lo planificado',1),(191,'En ejecución de acuerdo a lo planificado',1),(192,'En ejecución de acuerdo a lo planificado',1),(193,'En ejecución de acuerdo a lo planificado',1),(194,'En ejecución de acuerdo a lo planificado',1),(195,'No hay información (no fue enviada)',5),(196,'No hay información (no fue enviada)',5),(197,'En ejecución de acuerdo a lo planificado',1),(198,'En ejecución de acuerdo a lo planificado',1),(199,'En ejecución de acuerdo a lo planificado',1),(200,'En ejecución de acuerdo a lo planificado',1),(201,'En ejecución de acuerdo a lo planificado',1),(202,'En ejecución de acuerdo a lo planificado',1),(203,'En ejecución de acuerdo a lo planificado',1),(204,'En ejecución de acuerdo a lo planificado',1),(205,'En ejecución de acuerdo a lo planificado',1),(206,'En ejecución con retrasos importantes',2),(207,'Programada para iniciar en próximos meses/próximo año',3),(208,'En ejecución de acuerdo a lo planificado',1),(209,'Finalizado',6),(210,'Finalizado',6),(211,'Finalizado',6),(212,'Finalizado',6),(213,'En ejecución de acuerdo a lo planificado',1),(214,'Finalizado',6),(215,'Finalizado',6),(216,'En ejecución de acuerdo a lo planificado',1),(217,'Finalizado',6),(218,'En ejecución de acuerdo a lo planificado',1),(219,'Finalizado',6),(220,'En ejecución de acuerdo a lo planificado',1),(221,'Finalizado',6),(222,'En ejecución de acuerdo a lo planificado',1),(223,'Finalizado',6),(224,'En ejecución de acuerdo a lo planificado',1),(225,'Finalizado',6),(226,'En ejecución de acuerdo a lo planificado',1),(227,'Finalizado',6),(228,'En ejecución de acuerdo a lo planificado',1),(229,'Finalizado',6),(230,'En ejecución de acuerdo a lo planificado',1),(231,'Finalizado',6),(232,'En ejecución de acuerdo a lo planificado',1),(233,'Finalizado',6),(234,'En ejecución de acuerdo a lo planificado',1),(235,'Finalizado',6),(236,'En ejecución de acuerdo a lo planificado',1),(237,'Finalizado',6),(238,'En ejecución de acuerdo a lo planificado',1),(239,'Finalizado',6),(240,'En ejecución de acuerdo a lo planificado',1),(241,'Finalizado',6),(242,'En ejecución de acuerdo a lo planificado',1),(243,'Finalizado',6),(244,'En ejecución de acuerdo a lo planificado',1),(245,'Finalizado',6),(246,'En ejecución de acuerdo a lo planificado',1),(247,'Finalizado',6),(248,'En ejecución de acuerdo a lo planificado',1),(249,'Finalizado',6),(250,'En ejecución de acuerdo a lo planificado',1);
/*!40000 ALTER TABLE `EstadoProyecto` ENABLE KEYS */;
UNLOCK TABLES;

--
-- Table structure for table `Imagen`
--

DROP TABLE IF EXISTS `Imagen`;
/*!40101 SET @saved_cs_client     = @@character_set_client */;
/*!40101 SET character_set_client = utf8 */;
CREATE TABLE `Imagen` (
  `id` int(11) NOT NULL AUTO_INCREMENT,
  `path` varchar(255) COLLATE utf8_unicode_ci DEFAULT NULL,
  PRIMARY KEY (`id`)
) ENGINE=InnoDB AUTO_INCREMENT=3 DEFAULT CHARSET=utf8 COLLATE=utf8_unicode_ci;
/*!40101 SET character_set_client = @saved_cs_client */;

--
-- Dumping data for table `Imagen`
--

LOCK TABLES `Imagen` WRITE;
/*!40000 ALTER TABLE `Imagen` DISABLE KEYS */;
INSERT INTO `Imagen` VALUES (1,'6110b1830178d59c1dd5ea9a73978da5ed563f2f.jpeg'),(2,'127c226520448c285577dce32d30bb5b576740bb.jpeg');
/*!40000 ALTER TABLE `Imagen` ENABLE KEYS */;
UNLOCK TABLES;

--
-- Table structure for table `Intervencion`
--

DROP TABLE IF EXISTS `Intervencion`;
/*!40101 SET @saved_cs_client     = @@character_set_client */;
/*!40101 SET character_set_client = utf8 */;
CREATE TABLE `Intervencion` (
  `id` int(11) NOT NULL,
  `lineaaccion_id` int(11) DEFAULT NULL,
  `nombre` varchar(255) COLLATE utf8_unicode_ci NOT NULL,
  `orden` int(11) NOT NULL,
  PRIMARY KEY (`id`),
  KEY `IDX_4E7A075F9721B8C` (`lineaaccion_id`),
  CONSTRAINT `FK_4E7A075F9721B8C` FOREIGN KEY (`lineaaccion_id`) REFERENCES `LineaAccion` (`id`)
) ENGINE=InnoDB DEFAULT CHARSET=utf8 COLLATE=utf8_unicode_ci;
/*!40101 SET character_set_client = @saved_cs_client */;

--
-- Dumping data for table `Intervencion`
--

LOCK TABLES `Intervencion` WRITE;
/*!40000 ALTER TABLE `Intervencion` DISABLE KEYS */;
INSERT INTO `Intervencion` VALUES (1,1,'Infraestructura Vial',1),(2,1,'Infraestructura Educativa',2),(3,1,'Infraestructura de Salud',3),(4,1,'Infraestructura Cultural',4),(5,1,'Infraestructura en Justicia y Seguridad',5),(6,1,'Proyectos Sociales',6),(7,1,'Proyectos Especiales',7),(8,1,'Sistema de agua potable',8),(9,1,'Proteccion Urbana contra Inundaciones',9),(10,1,'Infraestructura en Energia',10),(12,3,'Programa Esfuerzos Compartidos',1),(14,5,'Extensión de redes cloacales',1),(15,5,'Programa Solidario Integrador de Desagues Cloacales',2),(16,5,'Obras a cargo del ENHOSA',3),(17,6,'Luz Segura',1),(18,6,'Agua Segura',2),(19,7,'Vuelvo a Estudiar',1),(20,7,'Fomento de los Clubes de Barrio',2),(21,7,'Fortalecimiento de los Centros de Día',3),(22,7,'Verano Joven',4),(23,7,'Jornada Ampliada en Escuelas Primarias',5),(25,9,'Querer, Creer, Crear: culturas en movimiento',1),(26,9,'Encuentros de convivencia',2),(27,9,'Ingenia',3),(28,10,'Policía Comunitaria',1),(29,10,'Centros Territoriales de Denuncia',2),(30,10,'Plan de refacción de comisarías',3),(31,10,'Programa Vínculos',4),(32,11,'Derecho a la Identidad',1),(33,11,'Campañas',2),(35,8,'Empresas Sociales de Inclusión',1),(36,8,'Ideas en Marcha',2),(37,8,'Formación para el Trabajo',3),(38,8,'Viveros Inclusivos',4),(39,9,'La Orden de la Bicicleta',5),(40,8,'Impulso de la economía social en los barrios',5),(41,8,'Juventudes Incluidas',6),(42,3,'Mejoramiento infraestructura para provisión agua potable',2),(43,3,'Mejoramiento infraestructura para Saneamiento Urbano',3),(44,7,'Capacitaciones y becas para jóvenes',1);
/*!40000 ALTER TABLE `Intervencion` ENABLE KEYS */;
UNLOCK TABLES;

--
-- Table structure for table `LineaAccion`
--

DROP TABLE IF EXISTS `LineaAccion`;
/*!40101 SET @saved_cs_client     = @@character_set_client */;
/*!40101 SET character_set_client = utf8 */;
CREATE TABLE `LineaAccion` (
  `id` int(11) NOT NULL,
  `nombre` varchar(255) COLLATE utf8_unicode_ci NOT NULL,
  `orden` int(11) NOT NULL,
  PRIMARY KEY (`id`)
) ENGINE=InnoDB DEFAULT CHARSET=utf8 COLLATE=utf8_unicode_ci;
/*!40101 SET character_set_client = @saved_cs_client */;

--
-- Dumping data for table `LineaAccion`
--

LOCK TABLES `LineaAccion` WRITE;
/*!40000 ALTER TABLE `LineaAccion` DISABLE KEYS */;
INSERT INTO `LineaAccion` VALUES (1,'Infraestructuras Estrategicas',1),(2,'Mi Tierra, Mi Casa',2),(3,'Mejoramiento barrial en complejos de vivienda social',3),(4,'Proyectos urbanos en asentamientos irregulares',4),(5,'Saneamiento Urbano',5),(6,'Luz y Agua Seguras para la Inclusion Social',6),(7,'Trayectorias de Vida. Inclusion Socio-Educativa',1),(8,'Trayectorias de Vida. Inclusion Laboral',2),(9,'Convivencia Barrial',4),(10,'Seguridad Ciudadana',5),(11,'Promocion de Derechos. Difundir, Prevenir y Educar',6),(12,'Participacion Social',7),(13,'Trayectorias de Vida. Abordaje Integral de Adicciones',3);
/*!40000 ALTER TABLE `LineaAccion` ENABLE KEYS */;
UNLOCK TABLES;

--
-- Table structure for table `Localidad`
--

DROP TABLE IF EXISTS `Localidad`;
/*!40101 SET @saved_cs_client     = @@character_set_client */;
/*!40101 SET character_set_client = utf8 */;
CREATE TABLE `Localidad` (
  `id` int(11) NOT NULL,
  `nombre` varchar(255) COLLATE utf8_unicode_ci NOT NULL,
  `comu` int(11) NOT NULL,
  PRIMARY KEY (`id`)
) ENGINE=InnoDB DEFAULT CHARSET=utf8 COLLATE=utf8_unicode_ci;
/*!40101 SET character_set_client = @saved_cs_client */;

--
-- Dumping data for table `Localidad`
--

LOCK TABLES `Localidad` WRITE;
/*!40000 ALTER TABLE `Localidad` DISABLE KEYS */;
INSERT INTO `Localidad` VALUES (150,'Santa Fe',792),(151,'Santo Tome',793),(212,'Rosario',863),(213,'Villa Gobernador Galvez',864);
/*!40000 ALTER TABLE `Localidad` ENABLE KEYS */;
UNLOCK TABLES;

--
-- Table structure for table `Proyecto`
--

DROP TABLE IF EXISTS `Proyecto`;
/*!40101 SET @saved_cs_client     = @@character_set_client */;
/*!40101 SET character_set_client = utf8 */;
CREATE TABLE `Proyecto` (
  `id` int(11) NOT NULL,
  `nombre` varchar(255) COLLATE utf8_unicode_ci NOT NULL,
  `orden` int(11) NOT NULL,
  `observacion` longtext COLLATE utf8_unicode_ci NOT NULL,
  `fecha` datetime NOT NULL,
  `intervencion_id` int(11) DEFAULT NULL,
  `ejetrabajo_id` int(11) DEFAULT NULL,
  `lineaaccion_id` int(11) DEFAULT NULL,
  `datogeografico_id` int(11) DEFAULT NULL,
  `localidad_id` int(11) DEFAULT NULL,
  `cuerpo_publico` longtext COLLATE utf8_unicode_ci,
  `bajada_publica` longtext COLLATE utf8_unicode_ci,
  `titulo_publico` varchar(255) COLLATE utf8_unicode_ci DEFAULT NULL,
  `monto_publico` varchar(255) COLLATE utf8_unicode_ci DEFAULT NULL,
  `enlace` varchar(255) COLLATE utf8_unicode_ci DEFAULT NULL,
  `publicar` tinyint(1) DEFAULT NULL,
  `mostrar_monto` tinyint(1) DEFAULT NULL,
  `leido` tinyint(1) DEFAULT NULL,
  `imagen_id` int(11) DEFAULT NULL,
  PRIMARY KEY (`id`),
  UNIQUE KEY `UNIQ_96A460EF763C8AA7` (`imagen_id`),
  KEY `IDX_96A460EF2CD79A23` (`intervencion_id`),
  KEY `IDX_96A460EF34BEEAE0` (`ejetrabajo_id`),
  KEY `IDX_96A460EFF9721B8C` (`lineaaccion_id`),
  KEY `IDX_96A460EF1A7A3942` (`datogeografico_id`),
  KEY `IDX_96A460EF67707C89` (`localidad_id`),
  CONSTRAINT `FK_96A460EF763C8AA7` FOREIGN KEY (`imagen_id`) REFERENCES `Imagen` (`id`),
  CONSTRAINT `FK_96A460EF1A7A3942` FOREIGN KEY (`datogeografico_id`) REFERENCES `DatoGeografico` (`geo_id`),
  CONSTRAINT `FK_96A460EF2CD79A23` FOREIGN KEY (`intervencion_id`) REFERENCES `Intervencion` (`id`),
  CONSTRAINT `FK_96A460EF34BEEAE0` FOREIGN KEY (`ejetrabajo_id`) REFERENCES `EjeTrabajo` (`id`),
  CONSTRAINT `FK_96A460EF67707C89` FOREIGN KEY (`localidad_id`) REFERENCES `Localidad` (`id`),
  CONSTRAINT `FK_96A460EFF9721B8C` FOREIGN KEY (`lineaaccion_id`) REFERENCES `LineaAccion` (`id`)
) ENGINE=InnoDB DEFAULT CHARSET=utf8 COLLATE=utf8_unicode_ci;
/*!40101 SET character_set_client = @saved_cs_client */;

--
-- Dumping data for table `Proyecto`
--

LOCK TABLES `Proyecto` WRITE;
/*!40000 ALTER TABLE `Proyecto` DISABLE KEYS */;
INSERT INTO `Proyecto` VALUES (232,'Jardín de Infantes N° 33 \"Juana Paula Manso\"',1,'','2014-08-26 15:01:33',2,1,1,NULL,150,NULL,NULL,'Jardín de Infantes N° 33 \"Juana Paula Manso\"',NULL,NULL,0,0,0,NULL),(233,'Escuela Secundaria N° 382 \"Santa Fe de la Vera Cruz\"',2,'','2014-08-26 15:06:03',2,1,1,NULL,150,NULL,NULL,'Escuela Secundaria N° 382 \"Santa Fe de la Vera Cruz\"',NULL,NULL,0,0,0,NULL),(234,'Escuela N° 1265 \"Jose Manuel Estrada\"',3,'','2014-08-26 15:11:59',2,1,1,NULL,150,NULL,NULL,'Escuela N° 1265 \"Jose Manuel Estrada\"',NULL,NULL,0,0,0,NULL),(235,'Escuela Nocturna N° 45 \"Jose Hernandez\"',5,'','2014-08-26 15:17:58',2,1,1,NULL,150,NULL,NULL,'Escuela Nocturna N° 45 \"Jose Hernandez\"',NULL,NULL,0,0,0,NULL),(236,'Centro de Educacion Fisica N° 52 ',6,'','2014-08-26 15:19:38',2,1,1,NULL,150,NULL,NULL,'Centro de Educacion Fisica N° 52 ',NULL,NULL,0,0,0,NULL),(237,'Taller Educación Manuel N° 158 \"Almafuerte\" (B° Las Flores)',7,'','2014-08-26 15:21:15',2,1,1,NULL,150,NULL,NULL,'Taller Educación Manuel N° 158 \"Almafuerte\" (B° Las Flores)',NULL,NULL,0,0,0,NULL),(238,'Hospital Iturraspe',1,'','2014-08-26 15:22:18',3,1,1,NULL,150,NULL,NULL,'Hospital Iturraspe',NULL,NULL,0,0,0,NULL),(239,'CS Aceria',2,'','2014-08-26 15:25:07',3,1,1,NULL,150,NULL,NULL,'CS Aceria',NULL,NULL,0,0,0,NULL),(240,'Nueva LMT Blas Parera Recreo',1,'','2014-08-26 15:26:28',10,1,1,NULL,150,NULL,NULL,'Nueva LMT Blas Parera Recreo',NULL,NULL,0,0,0,NULL),(241,'Mi Tierra Mi Casa - B° Nueva Acería',1,'','2014-08-26 15:28:46',NULL,1,2,NULL,150,NULL,NULL,'Mi Tierra Mi Casa - B° Nueva Acería',NULL,NULL,0,0,0,NULL),(242,'FONAVI Acería',1,'En ejecución. 22 monoblocks.','2014-08-26 15:29:59',12,1,3,NULL,150,NULL,NULL,'FONAVI Acería',NULL,NULL,0,0,0,NULL),(243,'Acería',1,'','2014-08-26 15:32:23',17,1,6,NULL,150,NULL,NULL,'Acería',NULL,NULL,0,0,0,NULL),(244,'Los Troncos',2,'','2014-08-26 15:36:33',17,1,6,NULL,150,NULL,NULL,'Los Troncos',NULL,NULL,0,0,0,NULL),(245,'Acería',1,'Ejecución de la totalidad de la red distribuidora: cisterna de almacenamiento, estación de rebombeo y conexiones.','2014-08-26 15:38:38',18,1,6,NULL,150,NULL,NULL,'Acería',NULL,NULL,0,0,0,NULL),(246,'Vuelvo a Estudiar - B° Acería',1,'','2014-08-26 15:41:57',19,2,7,NULL,150,NULL,NULL,'Vuelvo a Estudiar - B° Acería',NULL,NULL,0,0,0,NULL),(249,'Jornada Ampliada en Escuela N° 1321 ',1,'','2014-08-26 15:59:03',23,2,7,NULL,150,NULL,NULL,'Jornada Ampliada en Escuela N° 1321 ',NULL,NULL,0,0,0,NULL),(252,'Viveros inclusivos - Santa Fe',1,'','2014-08-26 16:08:58',38,2,8,NULL,150,NULL,NULL,'Viveros inclusivos - Santa Fe',NULL,NULL,0,0,0,NULL),(253,'Encuentro en tu Plaza',1,'Espacio de participación deportiva – recreativa, centrada en la modalidad de encuentro.','2014-08-26 16:11:38',26,2,9,NULL,150,NULL,NULL,'Encuentro en tu Plaza',NULL,NULL,0,0,0,NULL),(261,'Escuela N° 1109 \"Hipólito Yrigoyen\" B° Yapeyú',8,'','2014-08-26 16:39:57',2,1,1,NULL,150,NULL,NULL,'Escuela N° 1109 \"Hipólito Yrigoyen\" B° Yapeyú',NULL,NULL,0,0,0,NULL),(262,'Jardín de Infantes N° 224 \"Mons. Antonio Rodriguez\" - B° Yapeyúi',9,'','2014-08-26 16:42:00',2,1,1,NULL,150,NULL,NULL,'Jardín de Infantes N° 224 \"Mons. Antonio Rodriguez\" - B° Yapeyúi',NULL,NULL,0,0,0,NULL),(263,'Jardín de Infantes Part. Inc. N° 1491 \"Nuestra Sra. de los sin Techo\" - B° Yapeyú',10,'','2014-08-26 16:44:32',2,1,1,NULL,150,NULL,NULL,'Jardín de Infantes Part. Inc. N° 1491 \"Nuestra Sra. de los sin Techo\" - B° Yapeyú',NULL,NULL,0,0,0,NULL),(264,'Vuelvo a Estudiar B° Yapeyú',2,'','2014-08-26 16:59:01',19,2,7,NULL,150,NULL,NULL,'Vuelvo a Estudiar B° Yapeyú',NULL,NULL,0,0,0,NULL),(269,'CEMAFE',3,'','2014-08-28 15:02:45',3,1,1,104,150,NULL,NULL,'CEMAFE',NULL,NULL,0,0,0,NULL),(270,'Molino Franchino',2,'','2014-08-28 15:05:11',4,1,1,109,150,NULL,NULL,'Molino Franchino',NULL,NULL,0,0,0,NULL),(271,'Casa de la Cultura',3,'','2014-08-28 15:08:08',4,1,1,110,150,NULL,NULL,'Casa de la Cultura',NULL,NULL,0,0,0,NULL),(272,'Instituto Nº 12',4,'','2014-08-28 15:10:13',2,1,1,111,150,NULL,NULL,'Instituto Nº 12',NULL,NULL,0,0,0,NULL),(273,'Policía Científica-Predio Recreo',6,'','2014-08-28 15:12:29',5,1,1,NULL,150,NULL,NULL,'Policía Científica-Predio Recreo',NULL,NULL,0,0,0,NULL),(275,'Nueva SET zona Sub Urbana Santa Fe y Santo Tomé',12,'Afecta zona suburbana de ambas ciudades.','2014-08-28 15:20:10',10,1,1,NULL,150,NULL,NULL,'Nueva SET zona Sub Urbana Santa Fe y Santo Tomé',NULL,NULL,0,0,0,NULL),(276,'Renovación y expansión de RBT Santa Fé - Santo Tomé',13,'Afecta a ambas ciudades','2014-08-28 15:28:07',10,1,1,NULL,150,NULL,NULL,'Renovación y expansión de RBT Santa Fé - Santo Tomé',NULL,NULL,0,0,0,NULL),(277,'Mejoras de captación de agua cruda, producción y distribución.',4,'','2014-08-28 15:30:23',18,1,6,158,150,NULL,NULL,'Mejoras de captación de agua cruda, producción y distribución.',NULL,NULL,0,0,0,NULL),(278,'Renovación de redes de agua potable en radio antiguo',5,'','2014-08-28 15:32:34',18,1,6,NULL,150,NULL,NULL,'Renovación de redes de agua potable en radio antiguo',NULL,NULL,0,0,0,NULL),(279,'Renovación estación elevadora cloacal Nº6',6,'','2014-08-28 15:34:13',18,1,6,NULL,150,NULL,NULL,'Renovación estación elevadora cloacal Nº6',NULL,NULL,0,0,0,NULL),(280,'Renovación de redes cloacales',7,'','2014-08-28 15:37:28',18,1,6,NULL,150,NULL,NULL,'Renovación de redes cloacales',NULL,NULL,0,0,0,NULL),(281,'Av. Peñaloza',3,'','2014-08-28 15:39:52',1,1,1,NULL,150,NULL,NULL,'Av. Peñaloza',NULL,NULL,0,0,0,NULL),(282,'Iluminación Circunvalación Oeste y acceso Norte',4,'','2014-08-28 15:40:49',1,1,1,100,150,NULL,NULL,'Iluminación Circunvalación Oeste y acceso Norte',NULL,NULL,0,0,0,NULL),(283,'Escuela Nº 27 \"Dr. José Ma. Galvez\" - Cabaña Leiva',11,'','2014-08-28 15:42:35',2,1,1,NULL,150,NULL,NULL,'Escuela Nº 27 \"Dr. José Ma. Galvez\" - Cabaña Leiva',NULL,NULL,0,0,0,NULL),(284,'Centro de Alfabetización Nº 211 - Loyola Sur',12,'','2014-08-28 15:44:09',2,1,1,NULL,150,NULL,NULL,'Centro de Alfabetización Nº 211 - Loyola Sur',NULL,NULL,0,0,0,NULL),(285,'Escuela Nº 6341 \"Juan de Garay\"',13,'','2014-08-28 15:45:19',2,1,1,NULL,150,NULL,NULL,'Escuela Nº 6341 \"Juan de Garay\"',NULL,NULL,0,0,0,NULL),(286,'Escuela Nº 76 \"Camila Caceres de Ballarini\"',14,'','2014-08-28 15:46:32',2,1,1,NULL,150,NULL,NULL,'Escuela Nº 76 \"Camila Caceres de Ballarini\"',NULL,NULL,0,0,0,NULL),(287,'CS San José',4,'Vec. San José (B° Don Bosco, en la manzana de La Esquina Encendida - San Lorenzo y E. Zeballos)','2014-08-28 15:49:10',3,1,1,NULL,150,NULL,NULL,'CS San José',NULL,NULL,0,0,0,NULL),(288,'Santa Rita',3,'','2014-08-28 15:52:41',12,1,3,NULL,150,NULL,NULL,'Santa Rita',NULL,NULL,0,0,0,NULL),(289,'FONAVI Las Flores II - Convenio SEH - MCSF',4,'','2014-08-28 15:53:24',12,1,3,NULL,150,NULL,NULL,'FONAVI Las Flores II - Convenio SEH - MCSF',NULL,NULL,0,0,0,NULL),(290,'Luz segura - Marcos Bobbio',5,'','2014-08-28 15:54:54',17,1,6,146,150,NULL,NULL,'Luz segura - Marcos Bobbio',NULL,NULL,0,0,0,NULL),(291,'Luz segura - Loyola',6,'','2014-08-28 15:58:13',17,1,6,NULL,150,NULL,NULL,'Luz segura - Loyola',NULL,NULL,0,0,0,NULL),(292,'Luz segura - La ranita',7,'','2014-08-28 16:00:33',17,1,6,NULL,150,NULL,NULL,'Luz segura - La ranita',NULL,NULL,0,0,0,NULL),(293,'Luz segura - Las lomitas',8,'','2014-08-28 16:04:25',17,1,6,NULL,150,NULL,NULL,'Luz segura - Las lomitas',NULL,NULL,0,0,0,NULL),(294,'Agua Segura - Las Flores',8,'','2014-08-28 16:07:31',18,1,6,NULL,150,NULL,NULL,'Agua Segura - Las Flores',NULL,NULL,0,0,0,NULL),(295,'Empresas Sociales de Inclusión Santa Fe',2,'','2014-08-28 16:11:01',35,2,8,NULL,150,NULL,NULL,'Empresas Sociales de Inclusión Santa Fe',NULL,NULL,0,0,0,NULL),(297,'Escuela Nº 821 \"Raimundo Peña\"',15,'','2014-08-28 16:29:35',2,1,1,NULL,150,NULL,NULL,'Escuela Nº 821 \"Raimundo Peña\"',NULL,NULL,0,0,0,NULL),(298,'Mi Tierra Mi Casa - Barrio Piquete',6,'','2014-08-28 16:35:43',NULL,1,2,NULL,150,NULL,NULL,'Mi Tierra Mi Casa - Barrio Piquete',NULL,NULL,0,0,0,NULL),(299,'Barrio Piquete - Las Flores',6,'','2014-08-28 16:38:24',NULL,1,4,NULL,150,NULL,NULL,'Barrio Piquete - Las Flores',NULL,NULL,0,0,0,NULL),(300,'Agua Segura - Villa Hipódromo',9,'Abril 2014 en proyecto\r\nProbable inicio: nov 2014','2014-08-28 16:40:21',18,1,6,151,150,NULL,NULL,'Agua Segura - Villa Hipódromo',NULL,NULL,0,0,0,NULL),(301,'Escuela Nº 1299 \"Padre Osvaldo Catena\"',16,'','2014-08-28 16:43:18',2,1,1,NULL,150,NULL,NULL,'Escuela Nº 1299 \"Padre Osvaldo Catena\"',NULL,NULL,0,0,0,NULL),(302,'Escuela Nº 567 \"Republica Oriental del Paraguay\"',17,'','2014-08-28 16:45:48',2,1,1,NULL,150,NULL,NULL,'Escuela Nº 567 \"Republica Oriental del Paraguay\"',NULL,NULL,0,0,0,NULL),(303,'Escuela Nº 581 \"Dr, Rodolfo Freyre\"',18,'','2014-08-28 16:47:24',2,1,1,NULL,150,NULL,NULL,'Escuela Nº 581 \"Dr, Rodolfo Freyre\"',NULL,NULL,0,0,0,NULL),(304,'Escuela Nº 18 \"Falucho\"',19,'','2014-08-28 16:49:13',2,1,1,NULL,150,NULL,NULL,'Escuela Nº 18 \"Falucho\"',NULL,NULL,0,0,0,NULL),(305,'Jardín de infantes Nº 223 \"Purana Huasi\"',20,'','2014-08-28 16:50:59',2,1,1,NULL,150,NULL,NULL,'Jardín de infantes Nº 223 \"Purana Huasi\"',NULL,NULL,0,0,0,NULL),(306,'Taller de Educación Manual Nº 156 \"Miroslav Bardonek\"',21,'','2014-08-28 16:53:17',2,1,1,NULL,150,NULL,NULL,'Taller de Educación Manual Nº 156 \"Miroslav Bardonek\"',NULL,NULL,0,0,0,NULL),(307,'Cambio del cable subterraneo del distribuidor avícola',14,'Cambio por obsolescencia. Afecta el centro oeste de la ciudad, barrio Barranquitas.','2014-08-28 16:56:12',10,1,1,NULL,150,NULL,NULL,'Cambio del cable subterraneo del distribuidor avícola',NULL,NULL,0,0,0,NULL),(308,'Barranquitas Sur - Villa Oculta - Villa del Parque - Convenio con MCSF y Mov. Los Sin Techo',7,'','2014-08-28 16:59:19',NULL,1,4,129,150,NULL,NULL,'Barranquitas Sur - Villa Oculta - Villa del Parque - Convenio con MCSF y Mov. Los Sin Techo',NULL,NULL,0,0,0,NULL),(309,'2da Etapa Costanera de la Reserva Urbana del Oeste - Convenio con MCSF',8,'Costanera de la Reserva Natural del Oeste, frente al reservorio del Río Salado, desde calle Iturraspe a L. Molinas. Proyecto y ejecución municipal, aporte financiero provincial.','2014-08-28 17:02:38',NULL,1,4,NULL,150,NULL,NULL,'2da Etapa Costanera de la Reserva Urbana del Oeste - Convenio con MCSF',NULL,NULL,0,0,0,NULL),(310,'Barranquitas - Villa del Parque - Etapa 1',6,'16.800 metros de cañería y 1.590 conexiones domiciliarias','2014-08-28 17:05:41',14,1,5,NULL,150,NULL,NULL,'Barranquitas - Villa del Parque - Etapa 1',NULL,NULL,0,0,0,NULL),(311,'Programa solidario integrador de Desagues Barranquitas - Villa del Parque',3,'','2014-08-28 17:10:26',15,1,5,NULL,150,NULL,NULL,'Programa solidario integrador de Desagues Barranquitas - Villa del Parque',NULL,NULL,0,0,0,NULL),(312,'Barranquitas Oeste - Pro Mejoras Barranquitas',9,'','2014-08-28 17:12:10',17,1,6,NULL,150,NULL,NULL,'Barranquitas Oeste - Pro Mejoras Barranquitas',NULL,NULL,0,0,0,NULL),(313,'Luz segura - Barranquita Sur',10,'','2014-08-28 17:13:48',17,1,6,NULL,150,NULL,NULL,'Luz segura - Barranquita Sur',NULL,NULL,0,0,0,NULL),(314,'Barranquitas',10,'Calles Pje. Cullen y Lamadrid (103 conexiones) ','2014-08-28 17:16:52',18,1,6,NULL,150,NULL,NULL,'Barranquitas',NULL,NULL,0,0,0,NULL),(316,'Programa solidario integrador de Desagues - República de los Hornos',4,'','2014-08-28 17:25:09',15,1,5,136,150,NULL,NULL,'Programa solidario integrador de Desagues - República de los Hornos',NULL,NULL,0,0,0,NULL),(317,'Vuelvo a estudiar - B° Barranquitas',3,'','2014-08-29 14:39:21',19,2,7,NULL,150,NULL,NULL,'Vuelvo a estudiar - B° Barranquitas',NULL,NULL,0,0,0,NULL),(318,'Vuelvo a estudiar - B° Villa Hipódromo',4,'','2014-08-29 14:41:15',19,2,7,NULL,150,NULL,NULL,'Vuelvo a estudiar - B° Villa Hipódromo',NULL,NULL,0,0,0,NULL),(321,'Jornada Ampliada en Escuelas Primarias - Distrito Oeste',2,'Extensión horaria de 2hs. para alumnos de 4to y 5to año.','2014-08-29 14:54:50',23,2,7,NULL,150,NULL,NULL,'Jornada Ampliada en Escuelas Primarias - Distrito Oeste',NULL,NULL,0,0,0,NULL),(322,'Verano Joven Santa Fe',2,'','2014-08-29 14:56:44',22,2,7,NULL,150,NULL,NULL,'Verano Joven Santa Fe',NULL,NULL,0,0,0,NULL),(323,'IM Grupo 2',4,'Grupo 2: Santa Rosa de Lima, Barranquitas y Villa Hipodromo.','2014-08-29 15:00:37',36,2,8,NULL,150,NULL,NULL,'IM Grupo 2',NULL,NULL,0,0,0,NULL),(334,'Ampliación de RP N°1',6,'','2014-08-29 15:52:05',1,1,1,NULL,150,NULL,NULL,'Ampliación de RP N°1',NULL,NULL,0,0,0,NULL),(335,'Escuela N° 533 \"Victoriano Montes\"',22,'','2014-08-29 15:54:10',2,1,1,NULL,150,NULL,NULL,'Escuela N° 533 \"Victoriano Montes\"',NULL,NULL,0,0,0,NULL),(336,'Jardín de Infantes N° 205 \"Maria Montessori\"',23,'','2014-08-29 15:55:22',2,1,1,NULL,150,NULL,NULL,'Jardín de Infantes N° 205 \"Maria Montessori\"',NULL,NULL,0,0,0,NULL),(337,'Nuevo destacamento policial Alto Verde',7,'Ubicado en la manzana 2, frente a la Plaza de la Paz. 15 agentes de la Guardia de Infantería.','2014-08-29 15:57:09',5,1,1,NULL,150,NULL,NULL,'Nuevo destacamento policial Alto Verde',NULL,NULL,0,0,0,NULL),(338,'Nuevo C.D. Alem y cables',15,'','2014-08-29 16:01:22',10,1,1,NULL,150,NULL,NULL,'Nuevo C.D. Alem y cables',NULL,NULL,0,0,0,NULL),(339,'El Pozo',5,'','2014-08-29 16:05:10',12,1,3,126,150,NULL,NULL,'El Pozo',NULL,NULL,0,0,0,NULL),(341,'Alto Verde',11,'','2014-08-29 16:11:54',17,1,6,NULL,150,NULL,NULL,'Alto Verde',NULL,NULL,0,0,0,NULL),(342,'Alto Verde',11,'​Ejecución de la Red Distribuidora de Agua Potable en sectores donde no hay servicios para servir aproximadamente a 700 viviendas.','2014-08-29 16:16:42',18,1,6,NULL,150,NULL,NULL,'Alto Verde',NULL,NULL,0,0,0,NULL),(343,'Abastecimiento a paraje La Boca',12,'','2014-08-29 16:20:21',18,1,6,NULL,150,NULL,NULL,'Abastecimiento a paraje La Boca',NULL,NULL,0,0,0,NULL),(344,'Vuelvo a estudiar - B° Alto Verde',5,'','2014-08-29 16:26:23',19,2,7,NULL,150,NULL,NULL,'Vuelvo a estudiar - B° Alto Verde',NULL,NULL,0,0,0,NULL),(346,'Jornada Ampliada en Escuela Nº 1081 Barrio Alto Verde',3,'','2014-08-29 16:33:10',23,2,7,NULL,150,NULL,NULL,'Jornada Ampliada en Escuela Nº 1081 Barrio Alto Verde',NULL,NULL,0,0,0,NULL),(347,'Jornada Ampliada en Escuela Nº 1190',4,'','2014-08-29 16:35:29',23,2,7,NULL,150,NULL,NULL,'Jornada Ampliada en Escuela Nº 1190',NULL,NULL,0,0,0,NULL),(348,'Alto Verde',5,'A traves de una ONG, esquema similar a Ideas en Marcha.','2014-08-29 16:38:31',40,2,8,NULL,150,NULL,NULL,'Alto Verde',NULL,NULL,0,0,0,NULL),(350,'Construyendo unificacion barrial',8,'Grupo \"La Juventud Primero\". Construccion de cestos de hierro para las casas del barrio.','2014-08-29 16:45:26',27,2,9,NULL,150,NULL,NULL,'Construyendo unificacion barrial',NULL,NULL,0,0,0,NULL),(354,'Consolidación de Bv. French',7,'','2014-09-01 15:12:26',1,1,1,98,150,NULL,NULL,'Consolidación de Bv. French',NULL,NULL,0,0,0,NULL),(355,'EET N°655 \"Paula Albarracín de Sarmiento\"',24,'','2014-09-01 15:17:55',2,1,1,NULL,150,NULL,NULL,'EET N°655 \"Paula Albarracín de Sarmiento\"',NULL,NULL,0,0,0,NULL),(356,'Esc. N°880 \"Domingo Guzmán Silva\"',25,'','2014-09-01 15:19:41',2,1,1,NULL,150,NULL,NULL,'Esc. N°880 \"Domingo Guzmán Silva\"',NULL,NULL,0,0,0,NULL),(357,'Nuevo Centro de Salud Coronel Dorrego',5,'','2014-09-01 15:21:29',3,1,1,NULL,150,NULL,NULL,'Nuevo Centro de Salud Coronel Dorrego',NULL,NULL,0,0,0,NULL),(358,'Alero Coronel Dorrego',1,'','2014-09-01 00:00:00',6,1,1,114,150,'El avance hasta abril es del 55%.','Ejemplo bajada','Alero Coronel Dorrego','4610000','http://google.com',1,0,0,NULL),(359,'Nuevo alimentador MT entre CD Calchines y CD Güemes',16,'Afecta el centro este de la ciudad, barrio Guadalupe Oeste.','2014-09-01 15:23:56',10,1,1,NULL,150,NULL,NULL,'Nuevo alimentador MT entre CD Calchines y CD Güemes',NULL,NULL,0,0,0,NULL),(360,'B° Coronel Dorrego',7,'','2014-09-01 15:25:14',NULL,1,2,NULL,150,NULL,NULL,'B° Coronel Dorrego',NULL,NULL,0,0,0,NULL),(361,'Loteo Esmeralda Este',8,'','2014-09-01 15:27:39',NULL,1,2,NULL,150,NULL,NULL,'Loteo Esmeralda Este',NULL,NULL,0,0,0,NULL),(362,'Extensión de redes cloacales - Coronel Dorrego',7,'','2014-09-01 15:32:58',14,1,5,132,150,NULL,NULL,'Extensión de redes cloacales - Coronel Dorrego',NULL,NULL,0,0,0,NULL),(363,'Luz Segura - Coronel Dorrego',12,'','2014-09-01 15:34:28',17,1,6,NULL,150,NULL,NULL,'Luz Segura - Coronel Dorrego',NULL,NULL,0,0,0,NULL),(364,'Coronel Dorrego',13,'Julio 2014: 30 conexiones, proyecto terminado.\r\nProbable inicio ejecución setiembre 2014','2014-09-01 15:38:11',18,1,6,NULL,150,NULL,NULL,'Coronel Dorrego',NULL,NULL,0,0,0,NULL),(365,'Vuelvo a estudiar - B° Coronel Dorrego',6,'','2014-09-01 15:42:40',19,2,7,NULL,150,NULL,NULL,'Vuelvo a estudiar - B° Coronel Dorrego',NULL,NULL,0,0,0,NULL),(367,'Asociacion Civil Manzanas Solidarias',3,'B° Guadalupe','2014-09-01 15:48:02',21,2,7,NULL,150,NULL,NULL,'Asociacion Civil Manzanas Solidarias',NULL,NULL,0,0,0,NULL),(368,'Jornada Ampliada en Escuela N° 21',5,'','2014-09-01 15:49:23',23,2,7,NULL,150,NULL,NULL,'Jornada Ampliada en Escuela N° 21',NULL,NULL,0,0,0,NULL),(369,'Jornada Ampliada en Escuela N°880',6,'','2014-09-01 15:50:16',23,2,7,NULL,150,NULL,NULL,'Jornada Ampliada en Escuela N°880',NULL,NULL,0,0,0,NULL),(370,'Jornada Ampliada en Escuela N° 42 \"Gregorio Las Heras\"',7,'','2014-09-01 15:51:33',23,2,7,NULL,150,NULL,NULL,'Jornada Ampliada en Escuela N° 42 \"Gregorio Las Heras\"',NULL,NULL,0,0,0,NULL),(371,'IM Grupo 3',6,'Grupo 3: Cnel. Dorrego, Aceria, Yapeyu (en carpeta para 2015)','2014-09-01 15:56:58',36,2,8,NULL,150,NULL,NULL,'IM Grupo 3',NULL,NULL,0,0,0,NULL),(377,'Centro de Educación Física N° 10 - Centenario',26,'','2014-09-01 16:13:25',2,1,1,NULL,150,NULL,NULL,'Centro de Educación Física N° 10 - Centenario',NULL,NULL,0,0,0,NULL),(378,'Escuela N° 1298 \"Monseñor Vicente Zaspe\"',27,'','2014-09-01 16:21:31',2,1,1,NULL,150,NULL,NULL,'Escuela N° 1298 \"Monseñor Vicente Zaspe\"',NULL,NULL,0,0,0,NULL),(379,'Escuela N° 14 \"Dr. Nicolas Avellaneda\"',28,'','2014-09-01 16:23:03',2,1,1,NULL,150,NULL,NULL,'Escuela N° 14 \"Dr. Nicolas Avellaneda\"',NULL,NULL,0,0,0,NULL),(380,'Escuela Secundaria N° 506 \"Angela Peralta Pino\"',29,'','2014-09-01 16:24:25',2,1,1,NULL,150,NULL,NULL,'Escuela Secundaria N° 506 \"Angela Peralta Pino\"',NULL,NULL,0,0,0,NULL),(381,'Escuela N° 471 \"Juan Arzeno\" - Roque Saenz Peña / Alfonso / San Lorenzo',30,'','2014-09-01 16:26:30',2,1,1,NULL,150,NULL,NULL,'Escuela N° 471 \"Juan Arzeno\" - Roque Saenz Peña / Alfonso / San Lorenzo',NULL,NULL,0,0,0,NULL),(382,'CS Varadero Sarsotti',6,'Inversión provincial sobre terreno cedido por la Municipalidad, en la manzana comprendida entre las calles Tacuaritas, Gallareta y Jilguero.Prototipo de dos consultorios con sala de enfermería, sala de espera, oficina de admisión, farmacia, sector de ingreso, consultorio general (con baño) y consultorio odontológico. Superficie cubierta de 160 metros cuadrados. ','2014-09-01 16:27:52',3,1,1,NULL,150,NULL,NULL,'CS Varadero Sarsotti',NULL,NULL,0,0,0,NULL),(383,'Alero Santa Rosa de Lima',2,' Ex CAI','2014-09-01 16:31:02',6,1,1,115,150,NULL,NULL,'Alero Santa Rosa de Lima',NULL,NULL,0,0,0,NULL),(384,'Reservorio. Estación de Bombeo Nº 0 ',3,'Mar Argentino y Tarragona, B° Centenario.\r\nConsiste en un sistema de reservorio (capacidad 30.000 m3) y una estación de bombeo que incluye un conducto de descarga hacia el riacho Santa Fe (compuesto de 3 módulos o vanos de 1.80 m de altura y 2.50 m de ancho) y el reacondicionamiento del canal Tacca.','2014-09-01 16:37:49',9,1,1,NULL,150,NULL,NULL,'Reservorio. Estación de Bombeo Nº 0 ',NULL,NULL,0,0,0,NULL),(386,'Refuncionalización Estación de Bombeo N° 1 - Alcantarilla de Cruce',5,'Ubicada sobre Circunv. Oeste, altura Estación de Bombeo N°1, beneficia a unos 100.000 vecinos de B° Chalet, San Lorenzo y Centenario','2014-09-01 16:43:05',9,1,1,NULL,150,NULL,NULL,'Refuncionalización Estación de Bombeo N° 1 - Alcantarilla de Cruce',NULL,NULL,0,0,0,NULL),(389,'Ampliación ET Puerto de Santa Fe',17,'','2014-09-01 16:46:08',10,1,1,NULL,150,NULL,NULL,'Ampliación ET Puerto de Santa Fe',NULL,NULL,0,0,0,NULL),(390,'FONAVI San Jerónimo - B° Centenario',7,'11 monoblocks. Refacción integral del FONAVI San Jerónimo. Incluye mejoras en las fachadas, los conductos pluviales, escaleras, espacios públicos, desagües, entre otras obras.','2014-09-01 16:47:58',12,1,3,125,150,NULL,NULL,'FONAVI San Jerónimo - B° Centenario',NULL,NULL,0,0,0,NULL),(392,'San Lorenzo',8,'750 m de colectoras y 95 conexiones.','2014-09-01 16:54:54',14,1,5,134,150,NULL,NULL,'San Lorenzo',NULL,NULL,0,0,0,NULL),(393,'FONAVI San Jerónimo - B° Centenario',9,'Barrio Centenario y FONAVI San Jerónimo','2014-09-01 16:56:43',14,1,5,NULL,150,NULL,NULL,'FONAVI San Jerónimo - B° Centenario',NULL,NULL,0,0,0,NULL),(394,'Programa Solidario Integrador de Desagues Cloacales - Santa Rosa de Lima - 12 de Octubre',5,'','2014-09-01 16:59:32',15,1,5,138,150,NULL,NULL,'Programa Solidario Integrador de Desagues Cloacales - Santa Rosa de Lima - 12 de Octubre',NULL,NULL,0,0,0,NULL),(395,'Santa Rosa de Lima / 12 de Octubre /Estrada',13,'','2014-09-01 17:04:15',17,1,6,NULL,150,NULL,NULL,'Santa Rosa de Lima / 12 de Octubre /Estrada',NULL,NULL,0,0,0,NULL),(397,'Varadero Sarsotti',15,'','2014-09-01 17:12:46',17,1,6,142,150,NULL,NULL,'Varadero Sarsotti',NULL,NULL,0,0,0,NULL),(399,'Centenario - San Lorenzo',15,'Proyecto que abarca dos barrios: \r\n1) Barrio Centenario: calle Tacca, Oroño y Pérez (63 conexiones)\r\n2) Barrio San Lorenzo: calle 3 de Febrero y Amenábar(40 conexiones), calle Roque Sáenz Peña (50 conexiones)','2014-09-01 17:18:18',18,1,6,NULL,150,NULL,NULL,'Centenario - San Lorenzo',NULL,NULL,0,0,0,NULL),(400,'Santa Rosa de Lima - Estrada - 12 De Octubre',16,'6.000 m de cañería distribuidora y 972 conexiones domiciliarias','2014-09-01 17:20:11',18,1,6,NULL,150,NULL,NULL,'Santa Rosa de Lima - Estrada - 12 De Octubre',NULL,NULL,0,0,0,NULL),(404,'Vuelvo a estudiar - B° Santa Rosa de Lima',3,'','2014-09-02 14:17:13',19,2,7,NULL,150,NULL,NULL,'Vuelvo a estudiar - B° Santa Rosa de Lima',NULL,NULL,0,0,0,NULL),(405,'Vuelvo a estudiar - B° Centenario y Varadero Sarsotti',7,'','2014-09-02 14:18:35',19,2,7,NULL,150,NULL,NULL,'Vuelvo a estudiar - B° Centenario y Varadero Sarsotti',NULL,NULL,0,0,0,NULL),(406,'Vuelvo a estudiar - B° San Lorenzo',8,'','2014-09-02 14:20:48',19,2,7,NULL,150,NULL,NULL,'Vuelvo a estudiar - B° San Lorenzo',NULL,NULL,0,0,0,NULL),(409,'Jornada Ampliada en Escuela N°570',8,'','2014-09-02 14:36:02',23,2,7,NULL,150,NULL,NULL,'Jornada Ampliada en Escuela N°570',NULL,NULL,0,0,0,NULL),(410,'Jornada Ampliada en Escuela N°1298',9,'','2014-09-02 14:37:31',23,2,7,NULL,150,NULL,NULL,'Jornada Ampliada en Escuela N°1298',NULL,NULL,0,0,0,NULL),(411,'IM Grupo 1',7,'Grupo 1: B° Centenario, Varadero Sarsotti y San Lorenzo.','2014-09-02 14:39:48',36,2,8,NULL,150,NULL,NULL,'IM Grupo 1',NULL,NULL,0,0,0,NULL),(412,'Formación para el Trabajo - Distrito Suroeste',8,'','2014-09-02 14:53:23',37,2,8,NULL,150,NULL,NULL,'Formación para el Trabajo - Distrito Suroeste',NULL,NULL,0,0,0,NULL),(455,'Mi Barrio, Mi Pertenencia',12,'Grupo \"La Juventud Primero\". Mantenimiento de espacios públicos y calles del barrio.','2014-09-10 11:01:01',27,2,9,NULL,150,NULL,NULL,'Mi Barrio, Mi Pertenencia',NULL,NULL,0,0,0,NULL),(456,'Hacia la Inclusion Social de los Jovenes de B° Yapeyu',13,'Grupo \"Jovenes en Busqueda del Cambio\". Equipamiento del equipo de futbol para contener a jovenes con vulnerabilidad social.','2014-09-10 11:05:13',27,2,9,NULL,150,NULL,NULL,'Hacia la Inclusion Social de los Jovenes de B° Yapeyu',NULL,NULL,0,0,0,NULL),(457,'Taller de expresion corporal. Hip-hop',14,'Grupo \"Soy porque Somos\". Crear un espacio destinado a la practica del hip-hop.','2014-09-10 11:10:18',27,2,9,NULL,150,NULL,NULL,'Taller de expresion corporal. Hip-hop',NULL,NULL,0,0,0,NULL),(458,'Taller de niños pintores y apoyo escolar',15,'Taller de niños pintores y apoyo escolar','2014-09-10 11:13:02',27,2,9,NULL,150,NULL,NULL,'Taller de niños pintores y apoyo escolar',NULL,NULL,0,0,0,NULL),(459,'Sumate',16,'Grupo \"Plan Ayuda\". Ayudar conmercadería, pañales, etc. al Hogar Casa Cuna.','2014-09-10 11:15:15',27,2,9,NULL,150,NULL,NULL,'Sumate',NULL,NULL,0,0,0,NULL),(460,'Cantina Saludable',17,'Grupo \"Los Economico-Naturales\". Perfeccionar la gestion de la cantina de la escuela y convertirla en una cantina saludable.','2014-09-10 11:18:14',27,2,9,NULL,150,NULL,NULL,'Cantina Saludable',NULL,NULL,0,0,0,NULL),(461,'Querer, Creer, Crear: Culturas en Movimento',5,'Iniciativa territorial itinerante que convoca y vincula actores culturales del barrio de diferentes disciplinas para realizar un encuentro donde cada uno pueda mostrar sus creaciones.','2014-09-10 11:31:44',26,2,9,NULL,150,NULL,NULL,'Querer, Creer, Crear: Culturas en Movimento',NULL,NULL,0,0,0,NULL),(462,'Escuela de Hockey Lombardi',18,'Grupo \"Hockey Lombardi\". Adquisiciónm de material deportivo, acondicionamiento de cancha.','2014-09-10 11:37:49',27,2,9,NULL,150,NULL,NULL,'Escuela de Hockey Lombardi',NULL,NULL,0,0,0,NULL),(463,'Escuelita Deportiva Monitos',19,'Grupo \"Escuelita Deportiva Monitos\". Conformar una escuela de deportes para chicos del barrio de 4 a 12 años.','2014-09-10 11:40:42',27,2,9,NULL,150,NULL,NULL,'Escuelita Deportiva Monitos',NULL,NULL,0,0,0,NULL),(464,'Manos a la cancha',20,'Grupo \"La BAnda de Vill a Hipodromo\". Mejorar la cancha del barrio junto con el playon deportivo, agregar juegos.','2014-09-10 11:43:03',27,2,9,NULL,150,NULL,NULL,'Manos a la cancha',NULL,NULL,0,0,0,NULL),(465,'Comparsa Sueños de Barrio',21,'Grupo \"Comparsa Sueños de Barrio\". Armar una comparsa con niños, adolescentes y jovenes del barrio.','2014-09-10 11:45:22',27,2,9,NULL,150,NULL,NULL,'Comparsa Sueños de Barrio',NULL,NULL,0,0,0,NULL),(466,'29 de Abril Show',22,'Grupo \"Los Dueños de la Percusión\". Recreacion musical y coreografica de jovenes con vulnerabilidad social. Ampliar la cantidad de instrumentos y repertorio.','2014-09-10 11:48:33',27,2,9,NULL,150,NULL,NULL,'29 de Abril Show',NULL,NULL,0,0,0,NULL),(467,'LPB',23,'Grupo \"LPB Improvisando\". Crear una produccion audiovisual con los integantes de la escuela del CAF13 y jovenes en conflicto con la ley.','2014-09-10 11:50:53',27,2,9,NULL,150,NULL,NULL,'LPB',NULL,NULL,0,0,0,NULL),(468,'Teatro para Todos',24,'Grupo \"Camino a la Integracion Escolar\". Talleres de teatropara la integracion de los distintos cursos de la escuela Constituyentes.','2014-09-10 11:52:53',27,2,9,NULL,150,NULL,NULL,'Teatro para Todos',NULL,NULL,0,0,0,NULL),(474,'Emprendedores de Coronel Dorrego',25,'Grupo \"Emprendedores de Cnel. Dorrego\". Espacios comunes intergeneracionales','2014-09-17 10:55:17',27,2,9,NULL,150,NULL,NULL,'Emprendedores de Coronel Dorrego',NULL,NULL,0,0,0,NULL),(475,'Espacio de Cine en Comunidad',26,'Grupo \"Espacio de Cine\". Acondicionamiento de una sala de cine y proyeccion de peliculas.','2014-09-17 10:59:19',27,2,9,NULL,150,NULL,NULL,'Espacio de Cine en Comunidad',NULL,NULL,0,0,0,NULL),(476,'Cine y Arte Comunitario',27,'Grupo \"Pibes del Pasillo\". Proyeccion de peliculas, debates y argumentacion.','2014-09-17 11:02:07',27,2,9,NULL,150,NULL,NULL,'Cine y Arte Comunitario',NULL,NULL,0,0,0,NULL),(477,'Todo el Año es Carnaval',28,'Grupo \"Murga Las Estrellas de Guadalupe\". Fortalecimiento de la murga.','2014-09-17 11:04:20',27,2,9,NULL,150,NULL,NULL,'Todo el Año es Carnaval',NULL,NULL,0,0,0,NULL),(488,'Mejorado asfaltico - Convenio SEH - MCSF',12,'En calles con cordon cuneta existente.','2014-09-17 11:35:57',NULL,1,4,NULL,150,NULL,NULL,'Mejorado asfaltico - Convenio SEH - MCSF',NULL,NULL,0,0,0,NULL),(489,'Pavimentacion y Desagües - Convenio SEH - MCSF',13,'','2014-09-17 11:47:05',NULL,1,4,NULL,150,NULL,NULL,'Pavimentacion y Desagües - Convenio SEH - MCSF',NULL,NULL,0,0,0,NULL),(490,'Veredas de Hormigon Peinado - Convenio SEH - MCSF',14,'Demolición y/o remoción solados y contrapisos existentes, la adecuación de los respectivos desagües pluviales, así como también la ejecución del nuevo solado de hormigón peinado de 7 cm de espesor con su correspondiente cinta verde','2014-09-17 11:51:16',NULL,1,4,NULL,150,NULL,NULL,'Veredas de Hormigon Peinado - Convenio SEH - MCSF',NULL,NULL,0,0,0,NULL),(491,'Apertura - Pavimentacion de calles - Convenio SEH - MCSF',15,'Demolicion de pavimento existente y ejecución de pavimento mediante hormigón simple de 0,15 m de espesor, sobre sub-base de suelo escarificado y re-compactado, con el aporte de cemento. Incluye la regularización de veredas y desagües domiciliarios','2014-09-17 12:12:28',NULL,1,4,NULL,150,NULL,NULL,'Apertura - Pavimentacion de calles - Convenio SEH - MCSF',NULL,NULL,0,0,0,NULL),(492,'Nuevo alumbrado público - Convenio SEH - MCSF',16,'Provisión artefactos de iluminación tipo semicutt-off para lámpara a vapor de sodio de 250 W, y columnas tubulares de acero de 7,4 metros, embutidas en pretiles de forma piramidal truncado, así como también la instalación de gabinetes nuevos con tableros de comando y medición.','2014-09-17 12:28:52',NULL,1,4,NULL,150,NULL,NULL,'Nuevo alumbrado público - Convenio SEH - MCSF',NULL,NULL,0,0,0,NULL),(514,'CAMCO',9,'\"Las Lomas\" (B° Las Lomas) y \"Duendes Callejeros\" (B° Sur),ambos para niños y adolescentes.','2014-09-18 12:51:56',21,2,7,NULL,150,NULL,NULL,'CAMCO',NULL,NULL,0,0,0,NULL),(515,'Asociacion Civil Mujeres Solidarias',10,'B° Nueva Pompeya','2014-09-22 10:09:39',21,2,7,NULL,150,NULL,NULL,'Asociacion Civil Mujeres Solidarias',NULL,NULL,0,0,0,NULL),(516,'Hogar de puertas abiertas María Auxiliadora',11,'B° Belgrano','2014-09-22 10:11:38',21,2,7,NULL,150,NULL,NULL,'Hogar de puertas abiertas María Auxiliadora',NULL,NULL,0,0,0,NULL),(517,'Asociacion Civil Casa Beata Clara Bosatta',12,'B° Las Flores','2014-09-22 10:13:03',21,2,7,NULL,150,NULL,NULL,'Asociacion Civil Casa Beata Clara Bosatta',NULL,NULL,0,0,0,NULL),(518,'Parroquia Ntra. Sra. de Pompeya',13,'B° Pompeya - Centro de día y guardería','2014-09-22 10:14:33',21,2,7,NULL,150,NULL,NULL,'Parroquia Ntra. Sra. de Pompeya',NULL,NULL,0,0,0,NULL),(519,'CARITAS Argentina - Guardería Villa del Parque',14,'B° Villa del Parque','2014-09-22 10:16:24',21,2,7,NULL,150,NULL,NULL,'CARITAS Argentina - Guardería Villa del Parque',NULL,NULL,0,0,0,NULL),(520,'CARITAS Argentina - Parroquia Cristo Obrero - Casa Padre Catena',15,'B° Villa Oculta','2014-09-22 10:17:45',21,2,7,NULL,150,NULL,NULL,'CARITAS Argentina - Parroquia Cristo Obrero - Casa Padre Catena',NULL,NULL,0,0,0,NULL),(521,'Asoc. Civil Movimiento Solidario B° Los Hornos',16,'B° Los Hornos','2014-09-22 10:19:32',21,2,7,NULL,150,NULL,NULL,'Asoc. Civil Movimiento Solidario B° Los Hornos',NULL,NULL,0,0,0,NULL),(522,'Centro Cultural El Birri',17,'','2014-09-22 10:21:04',21,2,7,NULL,150,NULL,NULL,'Centro Cultural El Birri',NULL,NULL,0,0,0,NULL),(523,'CARITAS Argentina - La Casita de los Chicos',18,'','2014-09-22 10:22:12',21,2,7,NULL,150,NULL,NULL,'CARITAS Argentina - La Casita de los Chicos',NULL,NULL,0,0,0,NULL),(524,'Cuasi Parroquia San José Obrero',19,'','2014-09-22 10:23:16',21,2,7,NULL,150,NULL,NULL,'Cuasi Parroquia San José Obrero',NULL,NULL,0,0,0,NULL),(525,'Asociación Civil La Casa de Juan Diego',20,'B° Candiotti','2014-09-22 10:26:01',21,2,7,NULL,150,NULL,NULL,'Asociación Civil La Casa de Juan Diego',NULL,NULL,0,0,0,NULL),(526,'Asociación Civil Juanito Laguna',21,'B° Centro - B° Abasto','2014-09-22 10:27:49',21,2,7,NULL,150,NULL,NULL,'Asociación Civil Juanito Laguna',NULL,NULL,0,0,0,NULL),(527,'Asociación Civil El Caracol',22,'B° Vuelta del Paraguayo','2014-09-22 10:29:55',21,2,7,NULL,150,NULL,NULL,'Asociación Civil El Caracol',NULL,NULL,0,0,0,NULL),(528,'Asociación Civil Canoa',23,'B° Centro','2014-09-22 10:31:52',21,2,7,NULL,150,NULL,NULL,'Asociación Civil Canoa',NULL,NULL,0,0,0,NULL),(529,'Subsidio para infraestructura',8,'Destinado a refacción, rehabilitación y mejora de instalaciones y equipamiento.','2014-09-22 12:24:42',20,2,7,NULL,150,NULL,NULL,'Subsidio para infraestructura',NULL,NULL,0,0,0,NULL),(530,'Capacitacion',9,'Para dirigentes, profesores','2014-09-22 12:46:07',20,2,7,NULL,150,NULL,NULL,'Capacitacion',NULL,NULL,0,0,0,NULL),(531,'Asistencia para regularización institucional',10,'Asesoría legal y contable, regularización dominial','2014-09-22 12:49:04',20,2,7,NULL,150,NULL,NULL,'Asistencia para regularización institucional',NULL,NULL,0,0,0,NULL),(532,'Ampliación y mantenimiento Red Telemétrica sistema de predicción hidrológica cuenca Río Salado',8,'','2014-09-25 11:06:39',9,1,1,NULL,150,NULL,NULL,'Ampliación y mantenimiento Red Telemétrica sistema de predicción hidrológica cuenca Río Salado',NULL,NULL,0,0,0,NULL),(535,'Colector principal Llerena - FFCC - Cuenca Aldao',11,'1ra. etapa: ejecución de un conducto troncal rectangular de 2,70 m x 1,20 m de hormigón armado, constituido por tres tramos. El primero de ellos irá desde la descarga en la laguna Setúbal hasta el Paseo Peatonal de la costanera Playa Grande; el segundo ira desde dicho paseo, cruza la av. Almirante Brown y continúa por Llerena, finalizando en Vélez Sarsfield. El tercero atraviesa los terrenos del FFCC Belgrano en forma paralela a las vías hasta Av. Gral. Paz, donde se conecta mediante una cámara de empalme al conducto existente. ','2014-09-25 11:16:33',9,1,1,NULL,150,NULL,NULL,'Colector principal Llerena - FFCC - Cuenca Aldao',NULL,NULL,0,0,0,NULL),(536,'Mantenimiento y reparación defensas de área metropolitana',12,'1ra etapa','2014-09-25 11:31:04',9,1,1,NULL,150,NULL,NULL,'Mantenimiento y reparación defensas de área metropolitana',NULL,NULL,0,0,0,NULL),(537,'La Casita de los Chicos',9,'','2014-09-26 10:54:14',37,2,8,NULL,150,NULL,NULL,'La Casita de los Chicos',NULL,NULL,0,0,0,NULL),(538,'Hogar Santa Magdalena',10,'Mendoza 3890 - B° Roma','2014-09-26 10:55:57',37,2,8,NULL,150,NULL,NULL,'Hogar Santa Magdalena',NULL,NULL,0,0,0,NULL),(539,'Ex CAI',11,'','2014-09-26 10:57:25',37,2,8,NULL,150,NULL,NULL,'Ex CAI',NULL,NULL,0,0,0,NULL),(540,'BACHI',12,'Mendoza 4183','2014-09-26 10:58:49',37,2,8,NULL,150,NULL,NULL,'BACHI',NULL,NULL,0,0,0,NULL),(541,'Municipalidad Santa Fe (para jovenes de todos los barrios)',13,'Dictado por Casa de Juan Diego en San Jose y Club Castellano','2014-09-26 11:02:11',37,2,8,NULL,150,NULL,NULL,'Municipalidad Santa Fe (para jovenes de todos los barrios)',NULL,NULL,0,0,0,NULL),(542,'Municipalidad de Santa Fe - Coop. de Trabajo para Jóvenes Limpiavidrios',14,'Fortalecimiento de la Cooperativa San Cayetano articulando a con Municipalidad-U.N.L - U.T.N-C.E.C.O.V.I. En la Estacion Belgrano','2014-09-26 11:06:06',37,2,8,NULL,150,NULL,NULL,'Municipalidad de Santa Fe - Coop. de Trabajo para Jóvenes Limpiavidrios',NULL,NULL,0,0,0,NULL),(543,'Municipalidad Santa Fe (para jovenes de todos los barrios)',15,'Cursos de Capacitación para jóvenes de los diversos barrios de la ciudad de Sta Fe. Dictados en Vecinal Barranquitas, Estación Belgrano, Vecinal del Barrio “El Pozo” y Vecinal Sarmiento','2014-09-26 11:07:46',37,2,8,NULL,150,NULL,NULL,'Municipalidad Santa Fe (para jovenes de todos los barrios)',NULL,NULL,0,0,0,NULL),(544,'Camino de acceso a Alto Verde',17,'Desde Puente hasta comienzo calle Demetrio Gomez','2014-09-29 10:34:39',NULL,1,4,NULL,150,NULL,NULL,'Camino de acceso a Alto Verde',NULL,NULL,0,0,0,NULL),(545,'Vecinal Juana Azurduy',16,'','2014-09-29 11:03:47',37,2,8,NULL,150,NULL,NULL,'Vecinal Juana Azurduy',NULL,NULL,0,0,0,NULL),(546,'CAF 26 (B° San Agustin)',17,'','2014-09-29 11:09:40',37,2,8,NULL,150,NULL,NULL,'CAF 26 (B° San Agustin)',NULL,NULL,0,0,0,NULL),(547,'CAF 18 (B° Abasto)',18,'','2014-09-29 11:10:38',37,2,8,NULL,150,NULL,NULL,'CAF 18 (B° Abasto)',NULL,NULL,0,0,0,NULL),(548,'Mutual   “FUDDA VITTAR”',19,'Talleres en el Salón de Cáritas y en la Vecinal Ceferino Namuncurá','2014-09-29 11:15:17',37,2,8,NULL,150,NULL,NULL,'Mutual   “FUDDA VITTAR”',NULL,NULL,0,0,0,NULL),(550,'Asociacion Civil El Centavo - CD Tomados de la Mano',25,'B° Centro','2014-10-01 13:05:02',21,2,7,NULL,150,NULL,NULL,'Asociacion Civil El Centavo - CD Tomados de la Mano',NULL,NULL,0,0,0,NULL),(553,'CAF Nº 24',28,'Bª Las Flores II','2014-10-02 11:17:15',21,2,7,NULL,150,NULL,NULL,'CAF Nº 24',NULL,NULL,0,0,0,NULL),(554,'CAF Nº 18',29,'Bº El Abasto','2014-10-02 11:21:05',21,2,7,NULL,150,NULL,NULL,'CAF Nº 18',NULL,NULL,0,0,0,NULL),(555,'CAF Nº 26',30,'Bº San Agustin','2014-10-02 11:22:26',21,2,7,NULL,150,NULL,NULL,'CAF Nº 26',NULL,NULL,0,0,0,NULL),(556,'CAF Nº 23',31,'','2014-10-02 11:23:41',21,2,7,NULL,150,NULL,NULL,'CAF Nº 23',NULL,NULL,0,0,0,NULL),(557,'CAF Nº 13',32,'','2014-10-02 11:24:34',21,2,7,NULL,150,NULL,NULL,'CAF Nº 13',NULL,NULL,0,0,0,NULL),(558,'CAF Nº 25',33,'','2014-10-02 11:25:33',21,2,7,NULL,150,NULL,NULL,'CAF Nº 25',NULL,NULL,0,0,0,NULL),(559,'CAF Nº 3',34,'Bº Guadalupe Oeste','2014-10-02 11:27:21',21,2,7,NULL,150,NULL,NULL,'CAF Nº 3',NULL,NULL,0,0,0,NULL),(561,'La Esquina Encendida',36,'Bº Don Bosco','2014-10-02 11:41:20',21,2,7,NULL,150,NULL,NULL,'La Esquina Encendida',NULL,NULL,0,0,0,NULL),(562,'Adecuación de instalaciones sanitarias domiciliarias para conexion a red de cloacas - Convenio con MCSF',9,'Objetivo: adecuar las instalaciones sanitarias domiciliarias para posibilitar la conexion a la red de cloacas existente.\r\nBeneficiarios: se estima en aproximadamente 200 viviendas.\r\nLocalizacion: Padre Quiroga desde J.L. Borges hasta Mendoza y J.L. Borges, Magallanes, La Rioja, Tucumán, A. Durán, Pje. Falucho y Mendoza desde Pje. Frenguelli hasta Pje. Barretto.\r\n','2014-10-08 09:06:30',40,2,8,NULL,150,NULL,NULL,'Adecuación de instalaciones sanitarias domiciliarias para conexion a red de cloacas - Convenio con MCSF',NULL,NULL,0,0,0,NULL),(610,'FONAVI Las Flores II',1,'Construcción sala de rebombeo para asegurar presión de agua en las torres. Calles Millán Medina y Guanella','2014-10-16 00:00:00',42,1,3,NULL,150,'El fonavi fue restaurado totalmente.','Un ejemplo de FONAVI las Flores 2','FONAVI Las Flores II','12324','planabre.com/algo',1,0,0,2),(612,'FONAVI El Pozo',3,'Provisión energía eléctrica segura a la Estación Elevadora de agua','2014-10-16 12:26:07',42,1,3,NULL,150,NULL,NULL,'FONAVI El Pozo',NULL,NULL,0,0,0,NULL),(613,'FONAVI San Jerónimo - B° Centenario',4,'Provisión de energía eléctrica segura a Estación Elevadora de agua','2014-10-16 12:29:56',42,1,3,NULL,150,NULL,NULL,'FONAVI San Jerónimo - B° Centenario',NULL,NULL,0,0,0,NULL),(614,'Barranquitas  - Etapa 2',12,'1000 metros de cañería - 200 conexiones','2014-10-16 12:55:03',14,1,5,NULL,150,NULL,NULL,'Barranquitas  - Etapa 2',NULL,NULL,0,0,0,NULL),(615,'FONAVI El Pozo',1,'Energía eléctrica segura para Estación Elevadora Cloacal','2014-10-16 00:00:00',43,1,3,NULL,150,NULL,NULL,'FONAVI El Pozo',NULL,NULL,0,0,0,1),(616,'FONAVI San Jerónimo - B° Centenario',2,'Energía eléctrica segura para Estación Elevadora Cloacal','2014-10-16 00:00:00',43,1,3,NULL,150,NULL,NULL,'FONAVI San Jerónimo - B° Centenario',NULL,NULL,0,0,0,NULL),(650,'Jardín de Infantes N° 52 \"Juan Ramon Gimenez\"',35,'','2014-12-01 00:00:00',2,1,1,NULL,150,NULL,NULL,'Jardín de Infantes N° 52 \"Juan Ramon Gimenez\"',NULL,NULL,0,0,0,NULL);
/*!40000 ALTER TABLE `Proyecto` ENABLE KEYS */;
UNLOCK TABLES;

--
-- Table structure for table `fos_user`
--

DROP TABLE IF EXISTS `fos_user`;
/*!40101 SET @saved_cs_client     = @@character_set_client */;
/*!40101 SET character_set_client = utf8 */;
CREATE TABLE `fos_user` (
  `id` int(11) NOT NULL AUTO_INCREMENT,
  `username` varchar(255) COLLATE utf8_unicode_ci NOT NULL,
  `username_canonical` varchar(255) COLLATE utf8_unicode_ci NOT NULL,
  `email` varchar(255) COLLATE utf8_unicode_ci NOT NULL,
  `email_canonical` varchar(255) COLLATE utf8_unicode_ci NOT NULL,
  `enabled` tinyint(1) NOT NULL,
  `salt` varchar(255) COLLATE utf8_unicode_ci NOT NULL,
  `password` varchar(255) COLLATE utf8_unicode_ci NOT NULL,
  `last_login` datetime DEFAULT NULL,
  `locked` tinyint(1) NOT NULL,
  `expired` tinyint(1) NOT NULL,
  `expires_at` datetime DEFAULT NULL,
  `confirmation_token` varchar(255) COLLATE utf8_unicode_ci DEFAULT NULL,
  `password_requested_at` datetime DEFAULT NULL,
  `roles` longtext COLLATE utf8_unicode_ci NOT NULL COMMENT '(DC2Type:array)',
  `credentials_expired` tinyint(1) NOT NULL,
  `credentials_expire_at` datetime DEFAULT NULL,
  PRIMARY KEY (`id`),
  UNIQUE KEY `UNIQ_957A647992FC23A8` (`username_canonical`),
  UNIQUE KEY `UNIQ_957A6479A0D96FBF` (`email_canonical`)
) ENGINE=InnoDB AUTO_INCREMENT=3 DEFAULT CHARSET=utf8 COLLATE=utf8_unicode_ci;
/*!40101 SET character_set_client = @saved_cs_client */;

--
-- Dumping data for table `fos_user`
--

LOCK TABLES `fos_user` WRITE;
/*!40000 ALTER TABLE `fos_user` DISABLE KEYS */;
INSERT INTO `fos_user` VALUES (1,'admin','admin','pablocuadrado@gmail.com','pablocuadrado@gmail.com',1,'bc5orztuheokg004s44wogo40gc8o04','RwSnd1wFJHWZuZTPv1kTrxvMVLF2yRZH36hhYohb0F5o/hasrGbH/DafaWtnFPIrSBkcJ2aYAyjTFN/WRfYNJA==','2014-12-22 12:21:38',0,0,NULL,NULL,NULL,'a:0:{}',0,NULL),(2,'pablocubico','pablocubico','pablo@estudioquadra.com','pablo@estudioquadra.com',1,'7xq5m6rug2cc4sscc8c888gkcso8w8o','A8PeCp5aUhZTTsVyIjXa+ty8+fM3ROOg24d31a5zbdpTIIzayS2fKWlINPHofV4f29PKZ1JSdidj2m59u3O8GA==','2015-01-08 20:07:09',0,0,NULL,NULL,NULL,'a:0:{}',0,NULL);
/*!40000 ALTER TABLE `fos_user` ENABLE KEYS */;
UNLOCK TABLES;
/*!40103 SET TIME_ZONE=@OLD_TIME_ZONE */;

/*!40101 SET SQL_MODE=@OLD_SQL_MODE */;
/*!40014 SET FOREIGN_KEY_CHECKS=@OLD_FOREIGN_KEY_CHECKS */;
/*!40014 SET UNIQUE_CHECKS=@OLD_UNIQUE_CHECKS */;
/*!40101 SET CHARACTER_SET_CLIENT=@OLD_CHARACTER_SET_CLIENT */;
/*!40101 SET CHARACTER_SET_RESULTS=@OLD_CHARACTER_SET_RESULTS */;
/*!40101 SET COLLATION_CONNECTION=@OLD_COLLATION_CONNECTION */;
/*!40111 SET SQL_NOTES=@OLD_SQL_NOTES */;

-- Dump completed on 2015-01-09  2:05:57
